"clicked","month","Casual Forum","Casual Losers","Casual Winners","Casual","Moderate Miscellanea","Moderate Farmers","Moderate Losers","Moderate Winners","Moderate","Forum","Hardcore"
"Casual Losers/Nov-11","Nov-11",0,1056,0,0,0,0,0,0,0,0,0
"Casual Losers/Nov-11","Dec-11",0,145,157,0,0,131,0,0,70,27,75
"Casual Losers/Nov-11","Jan-12",0,63,69,0,44,36,39,0,0,15,55
"Casual Losers/Nov-11","Feb-12",6,33,50,0,0,36,46,0,0,3,36
"Casual Losers/Nov-11","Mar-12",2,34,36,0,31,24,0,0,0,6,28
"Casual Losers/Nov-11","Apr-12",5,28,38,0,28,22,0,0,0,9,32
"Casual Losers/Nov-11","May-12",10,24,43,0,43,20,0,0,0,9,32
"Casual Losers/Nov-11","Jun-12",0,38,29,0,19,10,22,0,0,12,28
"Casual Losers/Nov-11","Jul-12",0,22,24,0,23,17,22,0,0,10,18
"Casual Losers/Nov-11","Aug-12",0,15,18,0,0,10,10,19,0,0,27
"Casual Losers/Nov-11","Sep-12",0,9,22,0,0,18,13,0,0,7,19
"Casual Losers/Nov-11","Oct-12",0,13,20,0,14,18,0,0,0,5,26
"Casual Losers/Nov-11","Nov-12",0,0,0,23,11,19,0,0,0,1,24
"Casual Losers/Nov-11","Dec-12",0,0,0,15,4,7,0,0,0,2,8
"Casual Winners/Nov-11","Nov-11",0,0,1557,0,0,0,0,0,0,0,0
"Casual Winners/Nov-11","Dec-11",0,179,232,0,0,172,0,0,163,31,109
"Casual Winners/Nov-11","Jan-12",0,74,114,0,65,71,50,0,0,19,70
"Casual Winners/Nov-11","Feb-12",18,42,77,0,0,67,45,0,0,8,47
"Casual Winners/Nov-11","Mar-12",9,32,56,0,35,45,0,0,0,5,46
"Casual Winners/Nov-11","Apr-12",7,34,65,0,45,45,0,0,0,14,51
"Casual Winners/Nov-11","May-12",13,36,69,0,57,47,0,0,0,13,52
"Casual Winners/Nov-11","Jun-12",0,39,60,0,33,26,28,0,0,13,42
"Casual Winners/Nov-11","Jul-12",0,21,52,0,36,27,26,0,0,11,40
"Casual Winners/Nov-11","Aug-12",0,22,26,0,0,16,24,33,0,0,39
"Casual Winners/Nov-11","Sep-12",0,18,33,0,0,43,20,0,0,9,32
"Casual Winners/Nov-11","Oct-12",0,11,30,0,24,29,0,0,0,13,30
"Casual Winners/Nov-11","Nov-12",0,0,0,38,25,30,0,0,0,5,36
"Casual Winners/Nov-11","Dec-12",0,0,0,5,4,15,0,0,0,2,11
"Moderate Farmers/Nov-11","Nov-11",0,0,0,0,0,984,0,0,0,0,0
"Moderate Farmers/Nov-11","Dec-11",0,62,88,0,0,117,0,0,222,31,194
"Moderate Farmers/Nov-11","Jan-12",0,34,70,0,43,78,68,0,0,18,88
"Moderate Farmers/Nov-11","Feb-12",10,15,46,0,0,80,38,0,0,5,49
"Moderate Farmers/Nov-11","Mar-12",8,28,34,0,26,38,0,0,0,9,44
"Moderate Farmers/Nov-11","Apr-12",7,24,46,0,41,50,0,0,0,14,45
"Moderate Farmers/Nov-11","May-12",14,25,40,0,40,63,0,0,0,14,61
"Moderate Farmers/Nov-11","Jun-12",0,27,34,0,28,26,29,0,0,11,57
"Moderate Farmers/Nov-11","Jul-12",0,19,35,0,19,20,24,0,0,14,38
"Moderate Farmers/Nov-11","Aug-12",0,14,20,0,0,27,21,27,0,0,35
"Moderate Farmers/Nov-11","Sep-12",0,8,28,0,0,37,14,0,0,6,32
"Moderate Farmers/Nov-11","Oct-12",0,10,24,0,9,35,0,0,0,5,33
"Moderate Farmers/Nov-11","Nov-12",0,0,0,19,9,22,0,0,0,4,32
"Moderate Farmers/Nov-11","Dec-12",0,0,0,10,1,12,0,0,0,1,10
"Moderate/Nov-11","Nov-11",0,0,0,0,0,0,0,0,1030,0,0
"Moderate/Nov-11","Dec-11",0,93,92,0,0,249,0,0,112,52,248
"Moderate/Nov-11","Jan-12",0,64,90,0,88,61,60,0,0,31,132
"Moderate/Nov-11","Feb-12",13,36,53,0,0,74,48,0,0,16,101
"Moderate/Nov-11","Mar-12",12,36,55,0,60,44,0,0,0,11,57
"Moderate/Nov-11","Apr-12",11,37,45,0,67,29,0,0,0,12,68
"Moderate/Nov-11","May-12",16,42,56,0,54,36,0,0,0,21,72
"Moderate/Nov-11","Jun-12",0,40,38,0,46,22,36,0,0,24,54
"Moderate/Nov-11","Jul-12",0,25,34,0,42,17,27,0,0,7,58
"Moderate/Nov-11","Aug-12",0,30,24,0,0,17,26,32,0,0,49
"Moderate/Nov-11","Sep-12",0,17,32,0,0,35,26,0,0,8,44
"Moderate/Nov-11","Oct-12",0,8,25,0,29,37,0,0,0,6,47
"Moderate/Nov-11","Nov-12",0,0,0,28,18,26,0,0,0,10,43
"Moderate/Nov-11","Dec-12",0,0,0,18,10,6,0,0,0,2,8
"Forum/Nov-11","Nov-11",0,0,0,0,0,0,0,0,0,132,0
"Forum/Nov-11","Dec-11",0,5,9,0,0,12,0,0,6,71,29
"Forum/Nov-11","Jan-12",0,3,11,0,14,11,3,0,0,39,27
"Forum/Nov-11","Feb-12",15,1,8,0,0,12,6,0,0,23,15
"Forum/Nov-11","Mar-12",12,3,3,0,9,10,0,0,0,15,22
"Forum/Nov-11","Apr-12",11,8,10,0,12,9,0,0,0,23,15
"Forum/Nov-11","May-12",9,7,8,0,11,8,0,0,0,20,17
"Forum/Nov-11","Jun-12",0,3,8,0,10,7,8,0,0,16,18
"Forum/Nov-11","Jul-12",0,4,4,0,7,5,5,0,0,11,18
"Forum/Nov-11","Aug-12",0,2,3,0,0,6,8,7,0,0,16
"Forum/Nov-11","Sep-12",0,5,4,0,0,8,1,0,0,8,8
"Forum/Nov-11","Oct-12",0,2,7,0,2,7,0,0,0,8,7
"Forum/Nov-11","Nov-12",0,0,0,4,2,9,0,0,0,7,8
"Forum/Nov-11","Dec-12",0,0,0,3,1,2,0,0,0,3,6
"Hardcore/Nov-11","Nov-11",0,0,0,0,0,0,0,0,0,0,1559
"Hardcore/Nov-11","Dec-11",0,36,62,0,0,202,0,0,194,91,805
"Hardcore/Nov-11","Jan-12",0,37,78,0,87,139,106,0,0,54,409
"Hardcore/Nov-11","Feb-12",15,32,57,0,0,140,72,0,0,45,263
"Hardcore/Nov-11","Mar-12",12,36,71,0,76,88,0,0,0,32,209
"Hardcore/Nov-11","Apr-12",13,33,60,0,94,57,0,0,0,46,215
"Hardcore/Nov-11","May-12",17,38,63,0,81,76,0,0,0,54,225
"Hardcore/Nov-11","Jun-12",0,44,41,0,50,25,57,0,0,57,188
"Hardcore/Nov-11","Jul-12",0,28,42,0,59,48,47,0,0,38,140
"Hardcore/Nov-11","Aug-12",0,19,46,0,0,44,34,40,0,0,128
"Hardcore/Nov-11","Sep-12",0,26,37,0,0,55,32,0,0,28,122
"Hardcore/Nov-11","Oct-12",0,19,46,0,24,58,0,0,0,26,114
"Hardcore/Nov-11","Nov-12",0,0,0,38,34,51,0,0,0,11,94
"Hardcore/Nov-11","Dec-12",0,0,0,21,19,13,0,0,0,6,32
"Casual Losers/Dec-11","Nov-11",0,145,179,0,0,62,0,0,93,5,36
"Casual Losers/Dec-11","Dec-11",0,1379,0,0,0,0,0,0,0,0,0
"Casual Losers/Dec-11","Jan-12",0,132,122,0,51,36,79,0,0,14,33
"Casual Losers/Dec-11","Feb-12",9,62,67,0,0,35,47,0,0,3,46
"Casual Losers/Dec-11","Mar-12",6,42,72,0,35,32,0,0,0,2,32
"Casual Losers/Dec-11","Apr-12",7,63,68,0,42,31,0,0,0,9,31
"Casual Losers/Dec-11","May-12",9,36,69,0,52,38,0,0,0,9,41
"Casual Losers/Dec-11","Jun-12",0,46,44,0,27,14,35,0,0,9,25
"Casual Losers/Dec-11","Jul-12",0,24,54,0,24,20,24,0,0,2,17
"Casual Losers/Dec-11","Aug-12",0,20,23,0,0,21,23,27,0,0,24
"Casual Losers/Dec-11","Sep-12",0,15,32,0,0,24,15,0,0,10,16
"Casual Losers/Dec-11","Oct-12",0,16,26,0,20,25,0,0,0,4,23
"Casual Losers/Dec-11","Nov-12",0,0,0,31,15,25,0,0,0,4,23
"Casual Losers/Dec-11","Dec-12",0,0,0,8,6,7,0,0,0,4,9
"Casual Winners/Dec-11","Nov-11",0,157,232,0,0,88,0,0,92,9,62
"Casual Winners/Dec-11","Dec-11",0,0,1752,0,0,0,0,0,0,0,0
"Casual Winners/Dec-11","Jan-12",0,119,174,0,47,65,52,0,0,21,27
"Casual Winners/Dec-11","Feb-12",15,42,79,0,0,49,39,0,0,5,39
"Casual Winners/Dec-11","Mar-12",8,40,61,0,32,34,0,0,0,3,26
"Casual Winners/Dec-11","Apr-12",12,36,77,0,46,34,0,0,0,7,30
"Casual Winners/Dec-11","May-12",13,41,68,0,54,43,0,0,0,8,28
"Casual Winners/Dec-11","Jun-12",0,47,57,0,28,25,27,0,0,12,28
"Casual Winners/Dec-11","Jul-12",0,26,57,0,24,21,22,0,0,7,24
"Casual Winners/Dec-11","Aug-12",0,25,22,0,0,13,18,24,0,0,32
"Casual Winners/Dec-11","Sep-12",0,11,29,0,0,40,13,0,0,5,30
"Casual Winners/Dec-11","Oct-12",0,11,25,0,18,22,0,0,0,9,35
"Casual Winners/Dec-11","Nov-12",0,0,0,23,15,31,0,0,0,6,32
"Casual Winners/Dec-11","Dec-12",0,0,0,7,7,7,0,0,0,1,9
"Moderate Farmers/Dec-11","Nov-11",0,131,172,0,0,117,0,0,249,12,202
"Moderate Farmers/Dec-11","Dec-11",0,0,0,0,0,1348,0,0,0,0,0
"Moderate Farmers/Dec-11","Jan-12",0,107,145,0,183,101,110,0,0,28,139
"Moderate Farmers/Dec-11","Feb-12",12,59,89,0,0,88,117,0,0,19,122
"Moderate Farmers/Dec-11","Mar-12",12,65,79,0,85,56,0,0,0,15,81
"Moderate Farmers/Dec-11","Apr-12",9,50,71,0,105,51,0,0,0,28,75
"Moderate Farmers/Dec-11","May-12",19,59,77,0,94,52,0,0,0,28,77
"Moderate Farmers/Dec-11","Jun-12",0,45,54,0,72,28,37,0,0,27,75
"Moderate Farmers/Dec-11","Jul-12",0,29,55,0,53,21,29,0,0,16,65
"Moderate Farmers/Dec-11","Aug-12",0,29,41,0,0,20,34,38,0,0,59
"Moderate Farmers/Dec-11","Sep-12",0,20,45,0,0,39,28,0,0,11,55
"Moderate Farmers/Dec-11","Oct-12",0,16,32,0,29,45,0,0,0,9,47
"Moderate Farmers/Dec-11","Nov-12",0,0,0,42,30,35,0,0,0,5,51
"Moderate Farmers/Dec-11","Dec-12",0,0,0,23,14,9,0,0,0,2,18
"Moderate/Dec-11","Nov-11",0,70,163,0,0,222,0,0,112,6,194
"Moderate/Dec-11","Dec-11",0,0,0,0,0,0,0,0,1345,0,0
"Moderate/Dec-11","Jan-12",0,71,129,0,58,136,93,0,0,13,80
"Moderate/Dec-11","Feb-12",8,37,74,0,0,91,59,0,0,5,58
"Moderate/Dec-11","Mar-12",8,34,52,0,32,75,0,0,0,7,45
"Moderate/Dec-11","Apr-12",4,31,67,0,38,61,0,0,0,5,50
"Moderate/Dec-11","May-12",12,48,69,0,44,79,0,0,0,14,62
"Moderate/Dec-11","Jun-12",0,33,42,0,33,34,33,0,0,15,53
"Moderate/Dec-11","Jul-12",0,28,38,0,22,38,28,0,0,12,37
"Moderate/Dec-11","Aug-12",0,28,23,0,0,22,26,35,0,0,37
"Moderate/Dec-11","Sep-12",0,16,33,0,0,43,17,0,0,8,37
"Moderate/Dec-11","Oct-12",0,9,31,0,14,30,0,0,0,10,40
"Moderate/Dec-11","Nov-12",0,0,0,35,21,26,0,0,0,6,31
"Moderate/Dec-11","Dec-12",0,0,0,22,8,17,0,0,0,2,4
"Forum/Dec-11","Nov-11",0,27,31,0,0,31,0,0,52,71,91
"Forum/Dec-11","Dec-11",0,0,0,0,0,0,0,0,0,392,0
"Forum/Dec-11","Jan-12",0,24,27,0,36,30,22,0,0,121,102
"Forum/Dec-11","Feb-12",36,15,34,0,0,46,34,0,0,56,57
"Forum/Dec-11","Mar-12",29,13,29,0,34,24,0,0,0,35,57
"Forum/Dec-11","Apr-12",30,17,25,0,41,29,0,0,0,46,50
"Forum/Dec-11","May-12",39,20,24,0,35,16,0,0,0,51,57
"Forum/Dec-11","Jun-12",0,19,19,0,29,10,23,0,0,62,49
"Forum/Dec-11","Jul-12",0,13,28,0,20,21,17,0,0,44,43
"Forum/Dec-11","Aug-12",0,19,21,0,0,24,14,22,0,0,40
"Forum/Dec-11","Sep-12",0,14,14,0,0,28,7,0,0,24,23
"Forum/Dec-11","Oct-12",0,8,19,0,8,15,0,0,0,23,22
"Forum/Dec-11","Nov-12",0,0,0,15,7,22,0,0,0,20,20
"Forum/Dec-11","Dec-12",0,0,0,6,6,5,0,0,0,7,19
"Hardcore/Dec-11","Nov-11",0,75,109,0,0,194,0,0,248,29,805
"Hardcore/Dec-11","Dec-11",0,0,0,0,0,0,0,0,0,0,1843
"Hardcore/Dec-11","Jan-12",0,46,99,0,141,186,140,0,0,47,643
"Hardcore/Dec-11","Feb-12",17,37,82,0,0,248,79,0,0,37,357
"Hardcore/Dec-11","Mar-12",14,53,99,0,104,120,0,0,0,30,283
"Hardcore/Dec-11","Apr-12",16,47,76,0,114,88,0,0,0,45,303
"Hardcore/Dec-11","May-12",20,45,69,0,107,126,0,0,0,51,308
"Hardcore/Dec-11","Jun-12",0,64,59,0,59,53,76,0,0,47,254
"Hardcore/Dec-11","Jul-12",0,34,49,0,82,59,61,0,0,28,201
"Hardcore/Dec-11","Aug-12",0,32,53,0,0,53,49,66,0,0,171
"Hardcore/Dec-11","Sep-12",0,26,52,0,0,79,46,0,0,23,157
"Hardcore/Dec-11","Oct-12",0,14,59,0,42,83,0,0,0,25,143
"Hardcore/Dec-11","Nov-12",0,0,0,48,36,65,0,0,0,12,141
"Hardcore/Dec-11","Dec-12",0,0,0,31,22,31,0,0,0,6,37
"Casual Losers/Jan-12","Nov-11",0,63,74,0,0,34,0,0,64,3,37
"Casual Losers/Jan-12","Dec-11",0,132,119,0,0,107,0,0,71,24,46
"Casual Losers/Jan-12","Jan-12",0,801,0,0,0,0,0,0,0,0,0
"Casual Losers/Jan-12","Feb-12",5,58,75,0,0,28,60,0,0,3,31
"Casual Losers/Jan-12","Mar-12",4,49,44,0,40,25,0,0,0,0,21
"Casual Losers/Jan-12","Apr-12",6,46,60,0,36,13,0,0,0,3,27
"Casual Losers/Jan-12","May-12",14,37,49,0,45,25,0,0,0,5,30
"Casual Losers/Jan-12","Jun-12",0,33,37,0,23,9,18,0,0,11,17
"Casual Losers/Jan-12","Jul-12",0,28,28,0,19,9,12,0,0,10,15
"Casual Losers/Jan-12","Aug-12",0,22,16,0,0,13,16,15,0,0,14
"Casual Losers/Jan-12","Sep-12",0,12,23,0,0,17,12,0,0,7,10
"Casual Losers/Jan-12","Oct-12",0,10,19,0,16,20,0,0,0,2,16
"Casual Losers/Jan-12","Nov-12",0,0,0,30,10,16,0,0,0,2,17
"Casual Losers/Jan-12","Dec-12",0,0,0,12,3,7,0,0,0,2,8
"Casual Winners/Jan-12","Nov-11",0,69,114,0,0,70,0,0,90,11,78
"Casual Winners/Jan-12","Dec-11",0,122,174,0,0,145,0,0,129,27,99
"Casual Winners/Jan-12","Jan-12",0,0,1102,0,0,0,0,0,0,0,0
"Casual Winners/Jan-12","Feb-12",11,63,99,0,0,42,65,0,0,1,24
"Casual Winners/Jan-12","Mar-12",9,43,69,0,38,20,0,0,0,7,28
"Casual Winners/Jan-12","Apr-12",6,42,70,0,47,45,0,0,0,7,25
"Casual Winners/Jan-12","May-12",12,39,67,0,38,37,0,0,0,11,33
"Casual Winners/Jan-12","Jun-12",0,34,45,0,31,22,24,0,0,13,27
"Casual Winners/Jan-12","Jul-12",0,23,37,0,29,18,15,0,0,5,28
"Casual Winners/Jan-12","Aug-12",0,17,26,0,0,18,20,23,0,0,25
"Casual Winners/Jan-12","Sep-12",0,11,24,0,0,29,12,0,0,8,21
"Casual Winners/Jan-12","Oct-12",0,9,27,0,14,25,0,0,0,4,18
"Casual Winners/Jan-12","Nov-12",0,0,0,23,11,14,0,0,0,5,19
"Casual Winners/Jan-12","Dec-12",0,0,0,7,3,7,0,0,0,3,10
"Moderate Miscellanea/Jan-12","Nov-11",0,44,65,0,0,43,0,0,88,14,87
"Moderate Miscellanea/Jan-12","Dec-11",0,51,47,0,0,183,0,0,58,36,141
"Moderate Miscellanea/Jan-12","Jan-12",0,0,0,0,638,0,0,0,0,0,0
"Moderate Miscellanea/Jan-12","Feb-12",13,45,85,0,0,94,90,0,0,14,94
"Moderate Miscellanea/Jan-12","Mar-12",10,55,66,0,81,38,0,0,0,8,52
"Moderate Miscellanea/Jan-12","Apr-12",15,30,53,0,82,41,0,0,0,11,65
"Moderate Miscellanea/Jan-12","May-12",10,42,56,0,57,31,0,0,0,12,77
"Moderate Miscellanea/Jan-12","Jun-12",0,27,30,0,46,17,38,0,0,19,52
"Moderate Miscellanea/Jan-12","Jul-12",0,23,36,0,44,18,16,0,0,11,48
"Moderate Miscellanea/Jan-12","Aug-12",0,23,30,0,0,11,19,23,0,0,53
"Moderate Miscellanea/Jan-12","Sep-12",0,14,30,0,0,32,21,0,0,14,37
"Moderate Miscellanea/Jan-12","Oct-12",0,8,23,0,19,20,0,0,0,14,44
"Moderate Miscellanea/Jan-12","Nov-12",0,0,0,25,24,22,0,0,0,5,48
"Moderate Miscellanea/Jan-12","Dec-12",0,0,0,23,8,10,0,0,0,1,15
"Moderate Farmers/Jan-12","Nov-11",0,36,71,0,0,78,0,0,61,11,139
"Moderate Farmers/Jan-12","Dec-11",0,36,65,0,0,101,0,0,136,30,186
"Moderate Farmers/Jan-12","Jan-12",0,0,0,0,0,683,0,0,0,0,0
"Moderate Farmers/Jan-12","Feb-12",5,24,65,0,0,103,35,0,0,4,49
"Moderate Farmers/Jan-12","Mar-12",4,22,60,0,26,59,0,0,0,2,50
"Moderate Farmers/Jan-12","Apr-12",4,28,47,0,30,44,0,0,0,7,52
"Moderate Farmers/Jan-12","May-12",6,21,42,0,49,53,0,0,0,7,51
"Moderate Farmers/Jan-12","Jun-12",0,23,34,0,23,25,26,0,0,13,43
"Moderate Farmers/Jan-12","Jul-12",0,12,31,0,25,17,18,0,0,7,44
"Moderate Farmers/Jan-12","Aug-12",0,9,14,0,0,14,22,27,0,0,28
"Moderate Farmers/Jan-12","Sep-12",0,6,22,0,0,28,14,0,0,1,25
"Moderate Farmers/Jan-12","Oct-12",0,6,27,0,7,30,0,0,0,3,25
"Moderate Farmers/Jan-12","Nov-12",0,0,0,18,11,27,0,0,0,9,18
"Moderate Farmers/Jan-12","Dec-12",0,0,0,9,6,10,0,0,0,2,5
"Moderate Losers/Jan-12","Nov-11",0,39,50,0,0,68,0,0,60,3,106
"Moderate Losers/Jan-12","Dec-11",0,79,52,0,0,110,0,0,93,22,140
"Moderate Losers/Jan-12","Jan-12",0,0,0,0,0,0,649,0,0,0,0
"Moderate Losers/Jan-12","Feb-12",8,29,43,0,0,59,81,0,0,4,53
"Moderate Losers/Jan-12","Mar-12",5,27,32,0,28,38,0,0,0,4,45
"Moderate Losers/Jan-12","Apr-12",6,35,32,0,33,26,0,0,0,12,42
"Moderate Losers/Jan-12","May-12",8,28,36,0,31,43,0,0,0,11,57
"Moderate Losers/Jan-12","Jun-12",0,45,25,0,17,21,28,0,0,12,47
"Moderate Losers/Jan-12","Jul-12",0,14,23,0,17,17,24,0,0,9,37
"Moderate Losers/Jan-12","Aug-12",0,15,8,0,0,16,15,17,0,0,29
"Moderate Losers/Jan-12","Sep-12",0,5,15,0,0,28,14,0,0,8,34
"Moderate Losers/Jan-12","Oct-12",0,10,16,0,10,22,0,0,0,8,26
"Moderate Losers/Jan-12","Nov-12",0,0,0,15,12,20,0,0,0,1,23
"Moderate Losers/Jan-12","Dec-12",0,0,0,8,8,6,0,0,0,2,7
"Forum/Jan-12","Nov-11",0,15,19,0,0,18,0,0,31,39,54
"Forum/Jan-12","Dec-11",0,14,21,0,0,28,0,0,13,121,47
"Forum/Jan-12","Jan-12",0,0,0,0,0,0,0,0,0,269,0
"Forum/Jan-12","Feb-12",37,12,12,0,0,28,19,0,0,72,45
"Forum/Jan-12","Mar-12",29,12,22,0,24,19,0,0,0,41,41
"Forum/Jan-12","Apr-12",23,6,18,0,37,15,0,0,0,52,36
"Forum/Jan-12","May-12",22,12,10,0,31,15,0,0,0,51,37
"Forum/Jan-12","Jun-12",0,19,13,0,19,10,15,0,0,51,31
"Forum/Jan-12","Jul-12",0,8,21,0,12,13,12,0,0,37,32
"Forum/Jan-12","Aug-12",0,10,18,0,0,11,12,22,0,0,36
"Forum/Jan-12","Sep-12",0,8,12,0,0,19,6,0,0,19,18
"Forum/Jan-12","Oct-12",0,7,11,0,8,19,0,0,0,23,18
"Forum/Jan-12","Nov-12",0,0,0,14,8,16,0,0,0,14,20
"Forum/Jan-12","Dec-12",0,0,0,9,6,7,0,0,0,4,13
"Hardcore/Jan-12","Nov-11",0,55,70,0,0,88,0,0,132,27,409
"Hardcore/Jan-12","Dec-11",0,33,27,0,0,139,0,0,80,102,643
"Hardcore/Jan-12","Jan-12",0,0,0,0,0,0,0,0,0,0,1142
"Hardcore/Jan-12","Feb-12",12,24,56,0,0,219,76,0,0,33,444
"Hardcore/Jan-12","Mar-12",12,34,67,0,99,111,0,0,0,29,313
"Hardcore/Jan-12","Apr-12",6,33,58,0,101,87,0,0,0,39,303
"Hardcore/Jan-12","May-12",18,36,53,0,89,96,0,0,0,41,280
"Hardcore/Jan-12","Jun-12",0,31,47,0,65,40,59,0,0,48,222
"Hardcore/Jan-12","Jul-12",0,26,46,0,67,54,44,0,0,20,168
"Hardcore/Jan-12","Aug-12",0,29,52,0,0,47,34,49,0,0,145
"Hardcore/Jan-12","Sep-12",0,22,45,0,0,64,32,0,0,19,139
"Hardcore/Jan-12","Oct-12",0,13,35,0,37,53,0,0,0,18,110
"Hardcore/Jan-12","Nov-12",0,0,0,33,22,52,0,0,0,11,113
"Hardcore/Jan-12","Dec-12",0,0,0,17,17,21,0,0,0,4,38
"Casual Forum/Feb-12","Nov-11",0,6,18,0,0,10,0,0,13,15,15
"Casual Forum/Feb-12","Dec-11",0,9,15,0,0,12,0,0,8,36,17
"Casual Forum/Feb-12","Jan-12",0,5,11,0,13,5,8,0,0,37,12
"Casual Forum/Feb-12","Feb-12",116,0,0,0,0,0,0,0,0,0,0
"Casual Forum/Feb-12","Mar-12",24,9,11,0,10,2,0,0,0,21,7
"Casual Forum/Feb-12","Apr-12",18,6,10,0,6,6,0,0,0,20,11
"Casual Forum/Feb-12","May-12",15,7,9,0,8,5,0,0,0,22,11
"Casual Forum/Feb-12","Jun-12",0,4,9,0,5,6,4,0,0,22,9
"Casual Forum/Feb-12","Jul-12",0,1,10,0,5,5,3,0,0,18,8
"Casual Forum/Feb-12","Aug-12",0,2,8,0,0,3,6,7,0,0,16
"Casual Forum/Feb-12","Sep-12",0,4,7,0,0,6,2,0,0,10,5
"Casual Forum/Feb-12","Oct-12",0,1,6,0,0,8,0,0,0,10,6
"Casual Forum/Feb-12","Nov-12",0,0,0,8,1,3,0,0,0,4,8
"Casual Forum/Feb-12","Dec-12",0,0,0,2,0,3,0,0,0,3,2
"Casual Losers/Feb-12","Nov-11",0,33,42,0,0,15,0,0,36,1,32
"Casual Losers/Feb-12","Dec-11",0,62,42,0,0,59,0,0,37,15,37
"Casual Losers/Feb-12","Jan-12",0,58,63,0,45,24,29,0,0,12,24
"Casual Losers/Feb-12","Feb-12",0,476,0,0,0,0,0,0,0,0,0
"Casual Losers/Feb-12","Mar-12",7,45,47,0,29,15,0,0,0,1,12
"Casual Losers/Feb-12","Apr-12",5,27,38,0,31,17,0,0,0,4,18
"Casual Losers/Feb-12","May-12",4,31,27,0,39,14,0,0,0,8,15
"Casual Losers/Feb-12","Jun-12",0,30,18,0,20,4,22,0,0,6,18
"Casual Losers/Feb-12","Jul-12",0,17,28,0,17,7,9,0,0,3,17
"Casual Losers/Feb-12","Aug-12",0,23,7,0,0,9,14,5,0,0,15
"Casual Losers/Feb-12","Sep-12",0,8,15,0,0,12,15,0,0,1,14
"Casual Losers/Feb-12","Oct-12",0,5,19,0,10,18,0,0,0,6,11
"Casual Losers/Feb-12","Nov-12",0,0,0,16,11,15,0,0,0,2,17
"Casual Losers/Feb-12","Dec-12",0,0,0,14,2,6,0,0,0,2,4
"Casual Winners/Feb-12","Nov-11",0,50,77,0,0,46,0,0,53,8,57
"Casual Winners/Feb-12","Dec-11",0,67,79,0,0,89,0,0,74,34,82
"Casual Winners/Feb-12","Jan-12",0,75,99,0,85,65,43,0,0,12,56
"Casual Winners/Feb-12","Feb-12",0,0,711,0,0,0,0,0,0,0,0
"Casual Winners/Feb-12","Mar-12",7,48,82,0,30,31,0,0,0,3,23
"Casual Winners/Feb-12","Apr-12",6,44,78,0,31,28,0,0,0,5,25
"Casual Winners/Feb-12","May-12",10,37,55,0,44,36,0,0,0,7,26
"Casual Winners/Feb-12","Jun-12",0,32,43,0,29,23,17,0,0,14,19
"Casual Winners/Feb-12","Jul-12",0,20,28,0,23,18,12,0,0,7,21
"Casual Winners/Feb-12","Aug-12",0,14,24,0,0,16,12,22,0,0,18
"Casual Winners/Feb-12","Sep-12",0,14,20,0,0,21,19,0,0,4,17
"Casual Winners/Feb-12","Oct-12",0,8,14,0,8,19,0,0,0,5,18
"Casual Winners/Feb-12","Nov-12",0,0,0,16,5,14,0,0,0,3,25
"Casual Winners/Feb-12","Dec-12",0,0,0,8,2,5,0,0,0,3,5
"Moderate Farmers/Feb-12","Nov-11",0,36,67,0,0,80,0,0,74,12,140
"Moderate Farmers/Feb-12","Dec-11",0,35,49,0,0,88,0,0,91,46,248
"Moderate Farmers/Feb-12","Jan-12",0,28,42,0,94,103,59,0,0,28,219
"Moderate Farmers/Feb-12","Feb-12",0,0,0,0,0,716,0,0,0,0,0
"Moderate Farmers/Feb-12","Mar-12",9,30,65,0,67,123,0,0,0,7,81
"Moderate Farmers/Feb-12","Apr-12",6,20,54,0,66,73,0,0,0,11,81
"Moderate Farmers/Feb-12","May-12",10,24,48,0,53,77,0,0,0,16,79
"Moderate Farmers/Feb-12","Jun-12",0,28,41,0,34,43,31,0,0,13,72
"Moderate Farmers/Feb-12","Jul-12",0,14,34,0,36,34,22,0,0,8,54
"Moderate Farmers/Feb-12","Aug-12",0,18,25,0,0,17,16,44,0,0,50
"Moderate Farmers/Feb-12","Sep-12",0,8,23,0,0,43,19,0,0,9,40
"Moderate Farmers/Feb-12","Oct-12",0,7,18,0,17,36,0,0,0,6,39
"Moderate Farmers/Feb-12","Nov-12",0,0,0,13,14,32,0,0,0,3,41
"Moderate Farmers/Feb-12","Dec-12",0,0,0,9,11,14,0,0,0,0,9
"Moderate Losers/Feb-12","Nov-11",0,46,45,0,0,38,0,0,48,6,72
"Moderate Losers/Feb-12","Dec-11",0,47,39,0,0,117,0,0,59,34,79
"Moderate Losers/Feb-12","Jan-12",0,60,65,0,90,35,81,0,0,19,76
"Moderate Losers/Feb-12","Feb-12",0,0,0,0,0,0,588,0,0,0,0
"Moderate Losers/Feb-12","Mar-12",6,74,68,0,70,45,0,0,0,6,49
"Moderate Losers/Feb-12","Apr-12",9,48,51,0,63,38,0,0,0,11,56
"Moderate Losers/Feb-12","May-12",13,28,50,0,50,49,0,0,0,10,64
"Moderate Losers/Feb-12","Jun-12",0,33,28,0,44,26,25,0,0,13,46
"Moderate Losers/Feb-12","Jul-12",0,19,36,0,34,27,23,0,0,7,41
"Moderate Losers/Feb-12","Aug-12",0,18,27,0,0,19,24,24,0,0,34
"Moderate Losers/Feb-12","Sep-12",0,15,35,0,0,26,16,0,0,9,38
"Moderate Losers/Feb-12","Oct-12",0,7,26,0,16,20,0,0,0,6,34
"Moderate Losers/Feb-12","Nov-12",0,0,0,20,13,30,0,0,0,4,30
"Moderate Losers/Feb-12","Dec-12",0,0,0,20,10,8,0,0,0,1,16
"Forum/Feb-12","Nov-11",0,3,8,0,0,5,0,0,16,23,45
"Forum/Feb-12","Dec-11",0,3,5,0,0,19,0,0,5,56,37
"Forum/Feb-12","Jan-12",0,3,1,0,14,4,4,0,0,72,33
"Forum/Feb-12","Feb-12",0,0,0,0,0,0,0,0,0,142,0
"Forum/Feb-12","Mar-12",12,3,5,0,16,17,0,0,0,36,40
"Forum/Feb-12","Apr-12",12,5,9,0,16,8,0,0,0,43,34
"Forum/Feb-12","May-12",12,7,5,0,14,6,0,0,0,37,32
"Forum/Feb-12","Jun-12",0,7,4,0,12,5,8,0,0,34,29
"Forum/Feb-12","Jul-12",0,11,13,0,8,7,8,0,0,24,21
"Forum/Feb-12","Aug-12",0,9,7,0,0,9,11,13,0,0,26
"Forum/Feb-12","Sep-12",0,4,8,0,0,11,5,0,0,15,18
"Forum/Feb-12","Oct-12",0,4,8,0,7,9,0,0,0,15,14
"Forum/Feb-12","Nov-12",0,0,0,6,7,11,0,0,0,11,12
"Forum/Feb-12","Dec-12",0,0,0,5,2,2,0,0,0,1,10
"Hardcore/Feb-12","Nov-11",0,36,47,0,0,49,0,0,101,15,263
"Hardcore/Feb-12","Dec-11",0,46,39,0,0,122,0,0,58,57,357
"Hardcore/Feb-12","Jan-12",0,31,24,0,94,49,53,0,0,45,444
"Hardcore/Feb-12","Feb-12",0,0,0,0,0,0,0,0,0,0,872
"Hardcore/Feb-12","Mar-12",8,28,52,0,133,73,0,0,0,19,375
"Hardcore/Feb-12","Apr-12",3,36,48,0,108,61,0,0,0,28,309
"Hardcore/Feb-12","May-12",11,33,37,0,79,73,0,0,0,27,265
"Hardcore/Feb-12","Jun-12",0,31,40,0,55,28,58,0,0,40,183
"Hardcore/Feb-12","Jul-12",0,26,37,0,63,34,35,0,0,19,144
"Hardcore/Feb-12","Aug-12",0,25,31,0,0,34,37,30,0,0,121
"Hardcore/Feb-12","Sep-12",0,13,35,0,0,48,28,0,0,18,105
"Hardcore/Feb-12","Oct-12",0,13,29,0,30,46,0,0,0,15,102
"Hardcore/Feb-12","Nov-12",0,0,0,33,27,39,0,0,0,13,93
"Hardcore/Feb-12","Dec-12",0,0,0,17,18,24,0,0,0,3,39
"Casual Forum/Mar-12","Nov-11",0,2,9,0,0,8,0,0,12,12,12
"Casual Forum/Mar-12","Dec-11",0,6,8,0,0,12,0,0,8,29,14
"Casual Forum/Mar-12","Jan-12",0,4,9,0,10,4,5,0,0,29,12
"Casual Forum/Mar-12","Feb-12",24,7,7,0,0,9,6,0,0,12,8
"Casual Forum/Mar-12","Mar-12",107,0,0,0,0,0,0,0,0,0,0
"Casual Forum/Mar-12","Apr-12",19,7,6,0,10,4,0,0,0,25,15
"Casual Forum/Mar-12","May-12",20,5,4,0,10,7,0,0,0,22,8
"Casual Forum/Mar-12","Jun-12",0,4,12,0,4,2,6,0,0,25,8
"Casual Forum/Mar-12","Jul-12",0,6,14,0,2,4,1,0,0,16,9
"Casual Forum/Mar-12","Aug-12",0,2,9,0,0,5,2,4,0,0,16
"Casual Forum/Mar-12","Sep-12",0,1,5,0,0,2,5,0,0,10,6
"Casual Forum/Mar-12","Oct-12",0,4,4,0,3,2,0,0,0,9,4
"Casual Forum/Mar-12","Nov-12",0,0,0,9,2,5,0,0,0,7,5
"Casual Forum/Mar-12","Dec-12",0,0,0,3,0,1,0,0,0,1,3
"Casual Losers/Mar-12","Nov-11",0,34,32,0,0,28,0,0,36,3,36
"Casual Losers/Mar-12","Dec-11",0,42,40,0,0,65,0,0,34,13,53
"Casual Losers/Mar-12","Jan-12",0,49,43,0,55,22,27,0,0,12,34
"Casual Losers/Mar-12","Feb-12",9,45,48,0,0,30,74,0,0,3,28
"Casual Losers/Mar-12","Mar-12",0,471,0,0,0,0,0,0,0,0,0
"Casual Losers/Mar-12","Apr-12",6,47,58,0,46,22,0,0,0,6,28
"Casual Losers/Mar-12","May-12",9,29,54,0,44,21,0,0,0,11,29
"Casual Losers/Mar-12","Jun-12",0,40,28,0,26,6,21,0,0,10,23
"Casual Losers/Mar-12","Jul-12",0,26,26,0,19,13,19,0,0,6,20
"Casual Losers/Mar-12","Aug-12",0,20,13,0,0,10,15,16,0,0,18
"Casual Losers/Mar-12","Sep-12",0,10,22,0,0,12,7,0,0,10,19
"Casual Losers/Mar-12","Oct-12",0,12,12,0,7,15,0,0,0,6,15
"Casual Losers/Mar-12","Nov-12",0,0,0,15,13,9,0,0,0,3,12
"Casual Losers/Mar-12","Dec-12",0,0,0,13,2,5,0,0,0,1,5
"Casual Winners/Mar-12","Nov-11",0,36,56,0,0,34,0,0,55,3,71
"Casual Winners/Mar-12","Dec-11",0,72,61,0,0,79,0,0,52,29,99
"Casual Winners/Mar-12","Jan-12",0,44,69,0,66,60,32,0,0,22,67
"Casual Winners/Mar-12","Feb-12",11,47,82,0,0,65,68,0,0,5,52
"Casual Winners/Mar-12","Mar-12",0,0,661,0,0,0,0,0,0,0,0
"Casual Winners/Mar-12","Apr-12",6,57,93,0,57,28,0,0,0,10,33
"Casual Winners/Mar-12","May-12",8,48,63,0,55,37,0,0,0,9,49
"Casual Winners/Mar-12","Jun-12",0,43,45,0,36,19,24,0,0,10,36
"Casual Winners/Mar-12","Jul-12",0,19,47,0,30,16,14,0,0,6,40
"Casual Winners/Mar-12","Aug-12",0,17,28,0,0,15,28,25,0,0,26
"Casual Winners/Mar-12","Sep-12",0,13,32,0,0,29,15,0,0,5,28
"Casual Winners/Mar-12","Oct-12",0,10,18,0,13,23,0,0,0,6,28
"Casual Winners/Mar-12","Nov-12",0,0,0,24,9,19,0,0,0,6,27
"Casual Winners/Mar-12","Dec-12",0,0,0,9,6,12,0,0,0,2,9
"Moderate Miscellanea/Mar-12","Nov-11",0,31,35,0,0,26,0,0,60,9,76
"Moderate Miscellanea/Mar-12","Dec-11",0,35,32,0,0,85,0,0,32,34,104
"Moderate Miscellanea/Mar-12","Jan-12",0,40,38,0,81,26,28,0,0,24,99
"Moderate Miscellanea/Mar-12","Feb-12",10,29,30,0,0,67,70,0,0,16,133
"Moderate Miscellanea/Mar-12","Mar-12",0,0,0,0,498,0,0,0,0,0,0
"Moderate Miscellanea/Mar-12","Apr-12",7,38,57,0,126,35,0,0,0,12,87
"Moderate Miscellanea/Mar-12","May-12",15,49,43,0,61,41,0,0,0,15,83
"Moderate Miscellanea/Mar-12","Jun-12",0,28,42,0,56,22,29,0,0,23,49
"Moderate Miscellanea/Mar-12","Jul-12",0,22,28,0,49,14,25,0,0,8,43
"Moderate Miscellanea/Mar-12","Aug-12",0,17,23,0,0,12,32,32,0,0,39
"Moderate Miscellanea/Mar-12","Sep-12",0,13,30,0,0,32,22,0,0,9,32
"Moderate Miscellanea/Mar-12","Oct-12",0,13,26,0,27,19,0,0,0,10,27
"Moderate Miscellanea/Mar-12","Nov-12",0,0,0,23,14,24,0,0,0,5,35
"Moderate Miscellanea/Mar-12","Dec-12",0,0,0,16,18,10,0,0,0,1,10
"Moderate Farmers/Mar-12","Nov-11",0,24,45,0,0,38,0,0,44,10,88
"Moderate Farmers/Mar-12","Dec-11",0,32,34,0,0,56,0,0,75,24,120
"Moderate Farmers/Mar-12","Jan-12",0,25,20,0,38,59,38,0,0,19,111
"Moderate Farmers/Mar-12","Feb-12",2,15,31,0,0,123,45,0,0,17,73
"Moderate Farmers/Mar-12","Mar-12",0,0,0,0,0,443,0,0,0,0,0
"Moderate Farmers/Mar-12","Apr-12",5,28,50,0,46,80,0,0,0,12,48
"Moderate Farmers/Mar-12","May-12",11,13,49,0,34,68,0,0,0,13,50
"Moderate Farmers/Mar-12","Jun-12",0,25,25,0,23,28,20,0,0,15,51
"Moderate Farmers/Mar-12","Jul-12",0,5,25,0,17,28,15,0,0,10,36
"Moderate Farmers/Mar-12","Aug-12",0,15,18,0,0,10,7,20,0,0,30
"Moderate Farmers/Mar-12","Sep-12",0,6,16,0,0,24,8,0,0,5,27
"Moderate Farmers/Mar-12","Oct-12",0,5,15,0,8,23,0,0,0,3,26
"Moderate Farmers/Mar-12","Nov-12",0,0,0,13,8,25,0,0,0,3,23
"Moderate Farmers/Mar-12","Dec-12",0,0,0,7,4,9,0,0,0,1,10
"Forum/Mar-12","Nov-11",0,6,5,0,0,9,0,0,11,15,32
"Forum/Mar-12","Dec-11",0,2,3,0,0,15,0,0,7,35,30
"Forum/Mar-12","Jan-12",0,0,7,0,8,2,4,0,0,41,29
"Forum/Mar-12","Feb-12",21,1,3,0,0,7,6,0,0,36,19
"Forum/Mar-12","Mar-12",0,0,0,0,0,0,0,0,0,109,0
"Forum/Mar-12","Apr-12",7,3,4,0,14,7,0,0,0,41,29
"Forum/Mar-12","May-12",13,3,3,0,13,3,0,0,0,34,18
"Forum/Mar-12","Jun-12",0,4,8,0,9,4,6,0,0,32,17
"Forum/Mar-12","Jul-12",0,4,9,0,7,0,6,0,0,23,17
"Forum/Mar-12","Aug-12",0,1,9,0,0,7,6,15,0,0,22
"Forum/Mar-12","Sep-12",0,4,6,0,0,6,3,0,0,19,8
"Forum/Mar-12","Oct-12",0,2,4,0,3,7,0,0,0,14,9
"Forum/Mar-12","Nov-12",0,0,0,7,1,10,0,0,0,7,9
"Forum/Mar-12","Dec-12",0,0,0,5,1,5,0,0,0,2,4
"Hardcore/Mar-12","Nov-11",0,28,46,0,0,44,0,0,57,22,209
"Hardcore/Mar-12","Dec-11",0,32,26,0,0,81,0,0,45,57,283
"Hardcore/Mar-12","Jan-12",0,21,28,0,52,50,45,0,0,41,313
"Hardcore/Mar-12","Feb-12",7,12,23,0,0,81,49,0,0,40,375
"Hardcore/Mar-12","Mar-12",0,0,0,0,0,0,0,0,0,0,723
"Hardcore/Mar-12","Apr-12",7,21,28,0,81,66,0,0,0,36,346
"Hardcore/Mar-12","May-12",8,22,32,0,64,85,0,0,0,28,255
"Hardcore/Mar-12","Jun-12",0,33,28,0,47,30,56,0,0,39,178
"Hardcore/Mar-12","Jul-12",0,14,31,0,55,37,33,0,0,12,152
"Hardcore/Mar-12","Aug-12",0,16,23,0,0,37,31,39,0,0,128
"Hardcore/Mar-12","Sep-12",0,10,33,0,0,50,23,0,0,15,110
"Hardcore/Mar-12","Oct-12",0,7,26,0,22,51,0,0,0,15,98
"Hardcore/Mar-12","Nov-12",0,0,0,28,28,33,0,0,0,9,91
"Hardcore/Mar-12","Dec-12",0,0,0,14,19,24,0,0,0,3,40
"Casual Forum/Apr-12","Nov-11",0,5,7,0,0,7,0,0,11,11,13
"Casual Forum/Apr-12","Dec-11",0,7,12,0,0,9,0,0,4,30,16
"Casual Forum/Apr-12","Jan-12",0,6,6,0,15,4,6,0,0,23,6
"Casual Forum/Apr-12","Feb-12",18,5,6,0,0,6,9,0,0,12,3
"Casual Forum/Apr-12","Mar-12",19,6,6,0,7,5,0,0,0,7,7
"Casual Forum/Apr-12","Apr-12",93,0,0,0,0,0,0,0,0,0,0
"Casual Forum/Apr-12","May-12",21,10,4,0,3,4,0,0,0,22,7
"Casual Forum/Apr-12","Jun-12",0,6,9,0,4,7,5,0,0,23,12
"Casual Forum/Apr-12","Jul-12",0,4,11,0,9,6,1,0,0,22,7
"Casual Forum/Apr-12","Aug-12",0,1,8,0,0,2,8,7,0,0,9
"Casual Forum/Apr-12","Sep-12",0,3,1,0,0,8,2,0,0,12,1
"Casual Forum/Apr-12","Oct-12",0,1,4,0,3,2,0,0,0,13,0
"Casual Forum/Apr-12","Nov-12",0,0,0,4,3,2,0,0,0,4,5
"Casual Forum/Apr-12","Dec-12",0,0,0,1,1,1,0,0,0,2,3
"Casual Losers/Apr-12","Nov-11",0,28,34,0,0,24,0,0,37,8,33
"Casual Losers/Apr-12","Dec-11",0,63,36,0,0,50,0,0,31,17,47
"Casual Losers/Apr-12","Jan-12",0,46,42,0,30,28,35,0,0,6,33
"Casual Losers/Apr-12","Feb-12",6,27,44,0,0,20,48,0,0,5,36
"Casual Losers/Apr-12","Mar-12",7,47,57,0,38,28,0,0,0,3,21
"Casual Losers/Apr-12","Apr-12",0,508,0,0,0,0,0,0,0,0,0
"Casual Losers/Apr-12","May-12",14,48,57,0,42,24,0,0,0,3,31
"Casual Losers/Apr-12","Jun-12",0,37,38,0,17,14,20,0,0,6,32
"Casual Losers/Apr-12","Jul-12",0,15,34,0,19,19,17,0,0,6,16
"Casual Losers/Apr-12","Aug-12",0,14,20,0,0,15,18,13,0,0,11
"Casual Losers/Apr-12","Sep-12",0,11,17,0,0,24,11,0,0,2,15
"Casual Losers/Apr-12","Oct-12",0,6,13,0,8,15,0,0,0,0,17
"Casual Losers/Apr-12","Nov-12",0,0,0,18,8,12,0,0,0,3,11
"Casual Losers/Apr-12","Dec-12",0,0,0,9,5,6,0,0,0,2,3
"Casual Winners/Apr-12","Nov-11",0,38,65,0,0,46,0,0,45,10,60
"Casual Winners/Apr-12","Dec-11",0,68,77,0,0,71,0,0,67,25,76
"Casual Winners/Apr-12","Jan-12",0,60,70,0,53,47,32,0,0,18,58
"Casual Winners/Apr-12","Feb-12",10,38,78,0,0,54,51,0,0,9,48
"Casual Winners/Apr-12","Mar-12",6,58,93,0,57,50,0,0,0,4,28
"Casual Winners/Apr-12","Apr-12",0,0,714,0,0,0,0,0,0,0,0
"Casual Winners/Apr-12","May-12",12,46,102,0,57,46,0,0,0,8,37
"Casual Winners/Apr-12","Jun-12",0,42,72,0,49,14,27,0,0,11,29
"Casual Winners/Apr-12","Jul-12",0,23,49,0,24,16,16,0,0,7,30
"Casual Winners/Apr-12","Aug-12",0,19,29,0,0,12,18,32,0,0,30
"Casual Winners/Apr-12","Sep-12",0,11,38,0,0,32,14,0,0,7,22
"Casual Winners/Apr-12","Oct-12",0,12,24,0,17,29,0,0,0,8,16
"Casual Winners/Apr-12","Nov-12",0,0,0,21,11,29,0,0,0,5,21
"Casual Winners/Apr-12","Dec-12",0,0,0,10,3,10,0,0,0,3,3
"Moderate Miscellanea/Apr-12","Nov-11",0,28,45,0,0,41,0,0,67,12,94
"Moderate Miscellanea/Apr-12","Dec-11",0,42,46,0,0,105,0,0,38,41,114
"Moderate Miscellanea/Apr-12","Jan-12",0,36,47,0,82,30,33,0,0,37,101
"Moderate Miscellanea/Apr-12","Feb-12",6,31,31,0,0,66,63,0,0,16,108
"Moderate Miscellanea/Apr-12","Mar-12",10,46,57,0,126,46,0,0,0,14,81
"Moderate Miscellanea/Apr-12","Apr-12",0,0,0,0,588,0,0,0,0,0,0
"Moderate Miscellanea/Apr-12","May-12",15,45,62,0,124,49,0,0,0,11,122
"Moderate Miscellanea/Apr-12","Jun-12",0,60,30,0,73,21,51,0,0,20,68
"Moderate Miscellanea/Apr-12","Jul-12",0,27,43,0,68,20,28,0,0,8,63
"Moderate Miscellanea/Apr-12","Aug-12",0,25,24,0,0,22,31,43,0,0,50
"Moderate Miscellanea/Apr-12","Sep-12",0,14,40,0,0,36,18,0,0,10,48
"Moderate Miscellanea/Apr-12","Oct-12",0,12,32,0,27,27,0,0,0,6,46
"Moderate Miscellanea/Apr-12","Nov-12",0,0,0,29,28,22,0,0,0,7,43
"Moderate Miscellanea/Apr-12","Dec-12",0,0,0,23,13,11,0,0,0,2,16
"Moderate Farmers/Apr-12","Nov-11",0,22,45,0,0,50,0,0,29,9,57
"Moderate Farmers/Apr-12","Dec-11",0,31,34,0,0,51,0,0,61,29,88
"Moderate Farmers/Apr-12","Jan-12",0,13,45,0,41,44,26,0,0,15,87
"Moderate Farmers/Apr-12","Feb-12",6,17,28,0,0,73,38,0,0,8,61
"Moderate Farmers/Apr-12","Mar-12",4,22,28,0,35,80,0,0,0,7,66
"Moderate Farmers/Apr-12","Apr-12",0,0,0,0,0,444,0,0,0,0,0
"Moderate Farmers/Apr-12","May-12",13,29,47,0,40,66,0,0,0,4,51
"Moderate Farmers/Apr-12","Jun-12",0,18,38,0,28,33,20,0,0,13,43
"Moderate Farmers/Apr-12","Jul-12",0,8,25,0,19,26,22,0,0,8,28
"Moderate Farmers/Apr-12","Aug-12",0,17,17,0,0,14,14,20,0,0,19
"Moderate Farmers/Apr-12","Sep-12",0,13,17,0,0,29,9,0,0,5,16
"Moderate Farmers/Apr-12","Oct-12",0,5,14,0,9,26,0,0,0,2,17
"Moderate Farmers/Apr-12","Nov-12",0,0,0,22,11,23,0,0,0,2,18
"Moderate Farmers/Apr-12","Dec-12",0,0,0,11,5,8,0,0,0,0,3
"Forum/Apr-12","Nov-11",0,9,14,0,0,14,0,0,12,23,46
"Forum/Apr-12","Dec-11",0,9,7,0,0,28,0,0,5,46,45
"Forum/Apr-12","Jan-12",0,3,7,0,11,7,12,0,0,52,39
"Forum/Apr-12","Feb-12",20,4,5,0,0,11,11,0,0,43,28
"Forum/Apr-12","Mar-12",25,6,10,0,12,12,0,0,0,41,36
"Forum/Apr-12","Apr-12",0,0,0,0,0,0,0,0,0,168,0
"Forum/Apr-12","May-12",16,4,5,0,19,9,0,0,0,68,35
"Forum/Apr-12","Jun-12",0,7,10,0,11,5,16,0,0,56,31
"Forum/Apr-12","Jul-12",0,6,14,0,8,8,10,0,0,35,33
"Forum/Apr-12","Aug-12",0,6,12,0,0,11,13,10,0,0,38
"Forum/Apr-12","Sep-12",0,4,6,0,0,18,8,0,0,20,16
"Forum/Apr-12","Oct-12",0,10,13,0,3,10,0,0,0,22,8
"Forum/Apr-12","Nov-12",0,0,0,12,7,18,0,0,0,9,16
"Forum/Apr-12","Dec-12",0,0,0,9,4,6,0,0,0,5,10
"Hardcore/Apr-12","Nov-11",0,32,51,0,0,45,0,0,68,15,215
"Hardcore/Apr-12","Dec-11",0,31,30,0,0,75,0,0,50,50,303
"Hardcore/Apr-12","Jan-12",0,27,25,0,65,52,42,0,0,36,303
"Hardcore/Apr-12","Feb-12",11,18,25,0,0,81,56,0,0,34,309
"Hardcore/Apr-12","Mar-12",15,28,33,0,87,48,0,0,0,29,346
"Hardcore/Apr-12","Apr-12",0,0,0,0,0,0,0,0,0,0,780
"Hardcore/Apr-12","May-12",8,27,37,0,92,97,0,0,0,34,312
"Hardcore/Apr-12","Jun-12",0,30,45,0,58,38,50,0,0,41,200
"Hardcore/Apr-12","Jul-12",0,31,39,0,70,46,29,0,0,12,161
"Hardcore/Apr-12","Aug-12",0,25,32,0,0,42,36,43,0,0,138
"Hardcore/Apr-12","Sep-12",0,16,37,0,0,49,26,0,0,15,128
"Hardcore/Apr-12","Oct-12",0,7,35,0,30,55,0,0,0,13,110
"Hardcore/Apr-12","Nov-12",0,0,0,32,18,37,0,0,0,16,110
"Hardcore/Apr-12","Dec-12",0,0,0,21,22,24,0,0,0,1,42
"Casual Forum/May-12","Nov-11",0,10,13,0,0,14,0,0,16,9,17
"Casual Forum/May-12","Dec-11",0,9,13,0,0,19,0,0,12,39,20
"Casual Forum/May-12","Jan-12",0,14,12,0,10,6,8,0,0,22,18
"Casual Forum/May-12","Feb-12",15,4,10,0,0,10,13,0,0,12,11
"Casual Forum/May-12","Mar-12",20,9,8,0,15,11,0,0,0,13,8
"Casual Forum/May-12","Apr-12",21,14,12,0,15,13,0,0,0,16,8
"Casual Forum/May-12","May-12",140,0,0,0,0,0,0,0,0,0,0
"Casual Forum/May-12","Jun-12",0,9,16,0,10,5,9,0,0,38,14
"Casual Forum/May-12","Jul-12",0,9,17,0,13,7,3,0,0,23,7
"Casual Forum/May-12","Aug-12",0,12,7,0,0,4,6,12,0,0,10
"Casual Forum/May-12","Sep-12",0,3,6,0,0,9,2,0,0,12,3
"Casual Forum/May-12","Oct-12",0,5,8,0,2,9,0,0,0,8,1
"Casual Forum/May-12","Nov-12",0,0,0,7,2,4,0,0,0,8,1
"Casual Forum/May-12","Dec-12",0,0,0,6,2,5,0,0,0,1,1
"Casual Losers/May-12","Nov-11",0,24,36,0,0,25,0,0,42,7,38
"Casual Losers/May-12","Dec-11",0,36,41,0,0,59,0,0,48,20,45
"Casual Losers/May-12","Jan-12",0,37,39,0,42,21,28,0,0,12,36
"Casual Losers/May-12","Feb-12",7,31,37,0,0,24,28,0,0,7,33
"Casual Losers/May-12","Mar-12",5,29,48,0,49,13,0,0,0,3,22
"Casual Losers/May-12","Apr-12",10,48,46,0,45,29,0,0,0,4,27
"Casual Losers/May-12","May-12",0,480,0,0,0,0,0,0,0,0,0
"Casual Losers/May-12","Jun-12",0,53,51,0,24,12,28,0,0,4,18
"Casual Losers/May-12","Jul-12",0,21,28,0,18,16,19,0,0,3,24
"Casual Losers/May-12","Aug-12",0,17,21,0,0,10,19,15,0,0,14
"Casual Losers/May-12","Sep-12",0,9,18,0,0,23,12,0,0,4,13
"Casual Losers/May-12","Oct-12",0,10,17,0,7,16,0,0,0,3,10
"Casual Losers/May-12","Nov-12",0,0,0,20,5,11,0,0,0,1,13
"Casual Losers/May-12","Dec-12",0,0,0,12,3,5,0,0,0,2,2
"Casual Winners/May-12","Nov-11",0,43,69,0,0,40,0,0,56,8,63
"Casual Winners/May-12","Dec-11",0,69,68,0,0,77,0,0,69,24,69
"Casual Winners/May-12","Jan-12",0,49,67,0,56,42,36,0,0,10,53
"Casual Winners/May-12","Feb-12",9,27,55,0,0,48,50,0,0,5,37
"Casual Winners/May-12","Mar-12",4,54,63,0,43,49,0,0,0,3,32
"Casual Winners/May-12","Apr-12",4,57,102,0,62,47,0,0,0,5,37
"Casual Winners/May-12","May-12",0,0,740,0,0,0,0,0,0,0,0
"Casual Winners/May-12","Jun-12",0,62,92,0,42,21,27,0,0,7,16
"Casual Winners/May-12","Jul-12",0,23,64,0,33,27,25,0,0,3,11
"Casual Winners/May-12","Aug-12",0,31,31,0,0,11,19,37,0,0,19
"Casual Winners/May-12","Sep-12",0,16,38,0,0,27,12,0,0,2,18
"Casual Winners/May-12","Oct-12",0,12,18,0,21,27,0,0,0,4,17
"Casual Winners/May-12","Nov-12",0,0,0,21,15,22,0,0,0,2,9
"Casual Winners/May-12","Dec-12",0,0,0,17,5,13,0,0,0,1,4
"Moderate Miscellanea/May-12","Nov-11",0,43,57,0,0,40,0,0,54,11,81
"Moderate Miscellanea/May-12","Dec-11",0,52,54,0,0,94,0,0,44,35,107
"Moderate Miscellanea/May-12","Jan-12",0,45,38,0,57,49,31,0,0,31,89
"Moderate Miscellanea/May-12","Feb-12",8,39,44,0,0,53,50,0,0,14,79
"Moderate Miscellanea/May-12","Mar-12",10,44,55,0,61,34,0,0,0,13,64
"Moderate Miscellanea/May-12","Apr-12",3,42,57,0,124,40,0,0,0,19,92
"Moderate Miscellanea/May-12","May-12",0,0,0,0,613,0,0,0,0,0,0
"Moderate Miscellanea/May-12","Jun-12",0,58,66,0,96,24,68,0,0,18,56
"Moderate Miscellanea/May-12","Jul-12",0,40,56,0,78,21,25,0,0,12,54
"Moderate Miscellanea/May-12","Aug-12",0,33,40,0,0,15,27,44,0,0,54
"Moderate Miscellanea/May-12","Sep-12",0,26,46,0,0,40,18,0,0,11,40
"Moderate Miscellanea/May-12","Oct-12",0,15,27,0,33,30,0,0,0,9,30
"Moderate Miscellanea/May-12","Nov-12",0,0,0,46,17,29,0,0,0,8,30
"Moderate Miscellanea/May-12","Dec-12",0,0,0,14,10,8,0,0,0,3,12
"Moderate Farmers/May-12","Nov-11",0,20,47,0,0,63,0,0,36,8,76
"Moderate Farmers/May-12","Dec-11",0,38,43,0,0,52,0,0,79,16,126
"Moderate Farmers/May-12","Jan-12",0,25,37,0,31,53,43,0,0,15,96
"Moderate Farmers/May-12","Feb-12",5,14,36,0,0,77,49,0,0,6,73
"Moderate Farmers/May-12","Mar-12",7,21,37,0,41,68,0,0,0,3,85
"Moderate Farmers/May-12","Apr-12",4,24,46,0,49,66,0,0,0,9,97
"Moderate Farmers/May-12","May-12",0,0,0,0,0,537,0,0,0,0,0
"Moderate Farmers/May-12","Jun-12",0,43,45,0,38,55,25,0,0,8,58
"Moderate Farmers/May-12","Jul-12",0,21,31,0,19,42,24,0,0,7,47
"Moderate Farmers/May-12","Aug-12",0,15,12,0,0,30,19,34,0,0,35
"Moderate Farmers/May-12","Sep-12",0,10,23,0,0,39,17,0,0,4,31
"Moderate Farmers/May-12","Oct-12",0,9,24,0,8,42,0,0,0,4,35
"Moderate Farmers/May-12","Nov-12",0,0,0,16,11,29,0,0,0,3,31
"Moderate Farmers/May-12","Dec-12",0,0,0,12,3,5,0,0,0,1,8
"Forum/May-12","Nov-11",0,9,13,0,0,14,0,0,21,20,54
"Forum/May-12","Dec-11",0,9,8,0,0,28,0,0,14,51,51
"Forum/May-12","Jan-12",0,5,11,0,12,7,11,0,0,51,41
"Forum/May-12","Feb-12",22,8,7,0,0,16,10,0,0,37,27
"Forum/May-12","Mar-12",22,11,9,0,15,13,0,0,0,34,28
"Forum/May-12","Apr-12",22,3,8,0,11,4,0,0,0,68,34
"Forum/May-12","May-12",0,0,0,0,0,0,0,0,0,193,0
"Forum/May-12","Jun-12",0,3,5,0,15,8,10,0,0,83,55
"Forum/May-12","Jul-12",0,8,14,0,8,9,8,0,0,45,50
"Forum/May-12","Aug-12",0,8,13,0,0,13,12,10,0,0,49
"Forum/May-12","Sep-12",0,8,9,0,0,25,9,0,0,23,21
"Forum/May-12","Oct-12",0,5,10,0,8,13,0,0,0,27,13
"Forum/May-12","Nov-12",0,0,0,10,7,14,0,0,0,12,25
"Forum/May-12","Dec-12",0,0,0,6,6,7,0,0,0,10,10
"Hardcore/May-12","Nov-11",0,32,52,0,0,61,0,0,72,17,225
"Hardcore/May-12","Dec-11",0,41,28,0,0,77,0,0,62,57,308
"Hardcore/May-12","Jan-12",0,30,33,0,77,51,57,0,0,37,280
"Hardcore/May-12","Feb-12",11,15,26,0,0,79,64,0,0,32,265
"Hardcore/May-12","Mar-12",8,29,49,0,83,50,0,0,0,18,255
"Hardcore/May-12","Apr-12",7,31,37,0,122,51,0,0,0,35,312
"Hardcore/May-12","May-12",0,0,0,0,0,0,0,0,0,0,827
"Hardcore/May-12","Jun-12",0,32,35,0,75,45,79,0,0,39,316
"Hardcore/May-12","Jul-12",0,22,44,0,90,55,58,0,0,20,204
"Hardcore/May-12","Aug-12",0,20,41,0,0,51,52,58,0,0,168
"Hardcore/May-12","Sep-12",0,18,39,0,0,63,32,0,0,26,152
"Hardcore/May-12","Oct-12",0,9,38,0,39,56,0,0,0,18,134
"Hardcore/May-12","Nov-12",0,0,0,39,33,44,0,0,0,13,134
"Hardcore/May-12","Dec-12",0,0,0,25,27,23,0,0,0,2,53
"Casual Losers/Jun-12","Nov-11",0,38,39,0,0,27,0,0,40,3,44
"Casual Losers/Jun-12","Dec-11",0,46,47,0,0,45,0,0,33,19,64
"Casual Losers/Jun-12","Jan-12",0,33,34,0,27,23,45,0,0,19,31
"Casual Losers/Jun-12","Feb-12",4,30,32,0,0,28,33,0,0,7,31
"Casual Losers/Jun-12","Mar-12",4,40,43,0,28,25,0,0,0,4,33
"Casual Losers/Jun-12","Apr-12",6,37,42,0,60,18,0,0,0,7,30
"Casual Losers/Jun-12","May-12",9,53,62,0,58,43,0,0,0,3,32
"Casual Losers/Jun-12","Jun-12",0,439,0,0,0,0,0,0,0,0,0
"Casual Losers/Jun-12","Jul-12",0,43,44,0,22,20,16,0,0,7,16
"Casual Losers/Jun-12","Aug-12",0,25,27,0,0,12,16,18,0,0,11
"Casual Losers/Jun-12","Sep-12",0,14,24,0,0,21,12,0,0,1,14
"Casual Losers/Jun-12","Oct-12",0,13,17,0,4,23,0,0,0,6,14
"Casual Losers/Jun-12","Nov-12",0,0,0,21,14,11,0,0,0,2,14
"Casual Losers/Jun-12","Dec-12",0,0,0,11,3,5,0,0,0,4,5
"Casual Winners/Jun-12","Nov-11",0,29,60,0,0,34,0,0,38,8,41
"Casual Winners/Jun-12","Dec-11",0,44,57,0,0,54,0,0,42,19,59
"Casual Winners/Jun-12","Jan-12",0,37,45,0,30,34,25,0,0,13,47
"Casual Winners/Jun-12","Feb-12",9,18,43,0,0,41,28,0,0,4,40
"Casual Winners/Jun-12","Mar-12",12,28,45,0,42,25,0,0,0,8,28
"Casual Winners/Jun-12","Apr-12",9,38,72,0,30,38,0,0,0,10,45
"Casual Winners/Jun-12","May-12",16,51,92,0,66,45,0,0,0,5,35
"Casual Winners/Jun-12","Jun-12",0,0,574,0,0,0,0,0,0,0,0
"Casual Winners/Jun-12","Jul-12",0,31,78,0,32,25,17,0,0,7,24
"Casual Winners/Jun-12","Aug-12",0,26,34,0,0,10,25,38,0,0,17
"Casual Winners/Jun-12","Sep-12",0,11,30,0,0,30,17,0,0,8,16
"Casual Winners/Jun-12","Oct-12",0,6,15,0,12,29,0,0,0,10,15
"Casual Winners/Jun-12","Nov-12",0,0,0,16,10,14,0,0,0,4,19
"Casual Winners/Jun-12","Dec-12",0,0,0,9,4,7,0,0,0,0,3
"Moderate Miscellanea/Jun-12","Nov-11",0,19,33,0,0,28,0,0,46,10,50
"Moderate Miscellanea/Jun-12","Dec-11",0,27,28,0,0,72,0,0,33,29,59
"Moderate Miscellanea/Jun-12","Jan-12",0,23,31,0,46,23,17,0,0,19,65
"Moderate Miscellanea/Jun-12","Feb-12",5,20,29,0,0,34,44,0,0,12,55
"Moderate Miscellanea/Jun-12","Mar-12",4,26,36,0,56,23,0,0,0,9,47
"Moderate Miscellanea/Jun-12","Apr-12",4,17,49,0,73,28,0,0,0,11,58
"Moderate Miscellanea/Jun-12","May-12",10,24,42,0,96,38,0,0,0,15,75
"Moderate Miscellanea/Jun-12","Jun-12",0,0,0,0,394,0,0,0,0,0,0
"Moderate Miscellanea/Jun-12","Jul-12",0,30,56,0,72,22,30,0,0,7,28
"Moderate Miscellanea/Jun-12","Aug-12",0,27,24,0,0,13,35,42,0,0,40
"Moderate Miscellanea/Jun-12","Sep-12",0,13,42,0,0,35,14,0,0,5,28
"Moderate Miscellanea/Jun-12","Oct-12",0,12,26,0,26,23,0,0,0,6,25
"Moderate Miscellanea/Jun-12","Nov-12",0,0,0,28,21,23,0,0,0,7,25
"Moderate Miscellanea/Jun-12","Dec-12",0,0,0,17,9,8,0,0,0,2,3
"Moderate Farmers/Jun-12","Nov-11",0,10,26,0,0,26,0,0,22,7,25
"Moderate Farmers/Jun-12","Dec-11",0,14,25,0,0,28,0,0,34,10,53
"Moderate Farmers/Jun-12","Jan-12",0,9,22,0,17,25,21,0,0,10,40
"Moderate Farmers/Jun-12","Feb-12",6,4,23,0,0,43,26,0,0,5,28
"Moderate Farmers/Jun-12","Mar-12",2,6,19,0,22,28,0,0,0,4,30
"Moderate Farmers/Jun-12","Apr-12",7,14,14,0,21,33,0,0,0,5,38
"Moderate Farmers/Jun-12","May-12",5,12,21,0,24,55,0,0,0,8,45
"Moderate Farmers/Jun-12","Jun-12",0,0,0,0,0,274,0,0,0,0,0
"Moderate Farmers/Jun-12","Jul-12",0,11,20,0,12,29,16,0,0,9,25
"Moderate Farmers/Jun-12","Aug-12",0,12,14,0,0,14,10,15,0,0,17
"Moderate Farmers/Jun-12","Sep-12",0,6,14,0,0,21,10,0,0,3,16
"Moderate Farmers/Jun-12","Oct-12",0,1,10,0,3,22,0,0,0,3,17
"Moderate Farmers/Jun-12","Nov-12",0,0,0,7,1,14,0,0,0,2,17
"Moderate Farmers/Jun-12","Dec-12",0,0,0,7,2,5,0,0,0,1,4
"Moderate Losers/Jun-12","Nov-11",0,22,28,0,0,29,0,0,36,8,57
"Moderate Losers/Jun-12","Dec-11",0,35,27,0,0,37,0,0,33,23,76
"Moderate Losers/Jun-12","Jan-12",0,18,24,0,38,26,28,0,0,15,59
"Moderate Losers/Jun-12","Feb-12",4,22,17,0,0,31,25,0,0,8,58
"Moderate Losers/Jun-12","Mar-12",6,21,24,0,29,20,0,0,0,6,56
"Moderate Losers/Jun-12","Apr-12",5,20,27,0,51,20,0,0,0,16,50
"Moderate Losers/Jun-12","May-12",9,28,27,0,68,25,0,0,0,10,79
"Moderate Losers/Jun-12","Jun-12",0,0,0,0,0,0,383,0,0,0,0
"Moderate Losers/Jun-12","Jul-12",0,25,29,0,49,19,41,0,0,3,35
"Moderate Losers/Jun-12","Aug-12",0,19,18,0,0,16,31,22,0,0,38
"Moderate Losers/Jun-12","Sep-12",0,7,23,0,0,24,18,0,0,6,31
"Moderate Losers/Jun-12","Oct-12",0,7,21,0,14,22,0,0,0,4,30
"Moderate Losers/Jun-12","Nov-12",0,0,0,16,6,22,0,0,0,2,26
"Moderate Losers/Jun-12","Dec-12",0,0,0,9,3,9,0,0,0,0,8
"Forum/Jun-12","Nov-11",0,12,13,0,0,11,0,0,24,16,57
"Forum/Jun-12","Dec-11",0,9,12,0,0,27,0,0,15,62,47
"Forum/Jun-12","Jan-12",0,11,13,0,19,13,12,0,0,51,48
"Forum/Jun-12","Feb-12",22,6,14,0,0,13,13,0,0,34,40
"Forum/Jun-12","Mar-12",25,10,10,0,23,15,0,0,0,32,39
"Forum/Jun-12","Apr-12",23,6,11,0,20,13,0,0,0,56,41
"Forum/Jun-12","May-12",38,4,7,0,18,8,0,0,0,83,39
"Forum/Jun-12","Jun-12",0,0,0,0,0,0,0,0,0,221,0
"Forum/Jun-12","Jul-12",0,10,15,0,22,8,8,0,0,71,55
"Forum/Jun-12","Aug-12",0,9,16,0,0,17,14,17,0,0,61
"Forum/Jun-12","Sep-12",0,6,13,0,0,24,5,0,0,35,32
"Forum/Jun-12","Oct-12",0,5,13,0,11,18,0,0,0,32,19
"Forum/Jun-12","Nov-12",0,0,0,14,8,19,0,0,0,18,19
"Forum/Jun-12","Dec-12",0,0,0,9,8,9,0,0,0,6,13
"Hardcore/Jun-12","Nov-11",0,28,42,0,0,57,0,0,54,18,188
"Hardcore/Jun-12","Dec-11",0,25,28,0,0,75,0,0,53,49,254
"Hardcore/Jun-12","Jan-12",0,17,27,0,52,43,47,0,0,31,222
"Hardcore/Jun-12","Feb-12",9,18,19,0,0,72,46,0,0,29,183
"Hardcore/Jun-12","Mar-12",8,23,36,0,49,51,0,0,0,17,178
"Hardcore/Jun-12","Apr-12",12,32,29,0,68,43,0,0,0,31,200
"Hardcore/Jun-12","May-12",14,18,16,0,56,58,0,0,0,55,316
"Hardcore/Jun-12","Jun-12",0,0,0,0,0,0,0,0,0,0,665
"Hardcore/Jun-12","Jul-12",0,23,22,0,83,56,52,0,0,15,273
"Hardcore/Jun-12","Aug-12",0,18,25,0,0,57,42,52,0,0,189
"Hardcore/Jun-12","Sep-12",0,13,28,0,0,70,28,0,0,21,149
"Hardcore/Jun-12","Oct-12",0,10,40,0,38,53,0,0,0,15,121
"Hardcore/Jun-12","Nov-12",0,0,0,31,26,45,0,0,0,11,122
"Hardcore/Jun-12","Dec-12",0,0,0,19,25,20,0,0,0,6,47
"Casual Losers/Jul-12","Nov-11",0,22,21,0,0,19,0,0,25,4,28
"Casual Losers/Jul-12","Dec-11",0,24,26,0,0,29,0,0,28,13,34
"Casual Losers/Jul-12","Jan-12",0,28,23,0,23,12,14,0,0,8,26
"Casual Losers/Jul-12","Feb-12",1,17,20,0,0,14,19,0,0,11,26
"Casual Losers/Jul-12","Mar-12",6,26,19,0,22,5,0,0,0,4,14
"Casual Losers/Jul-12","Apr-12",4,15,23,0,27,8,0,0,0,6,31
"Casual Losers/Jul-12","May-12",9,21,23,0,40,21,0,0,0,8,22
"Casual Losers/Jul-12","Jun-12",0,43,31,0,30,11,25,0,0,10,23
"Casual Losers/Jul-12","Jul-12",0,293,0,0,0,0,0,0,0,0,0
"Casual Losers/Jul-12","Aug-12",0,32,19,0,0,6,16,22,0,0,11
"Casual Losers/Jul-12","Sep-12",0,11,21,0,0,13,11,0,0,3,13
"Casual Losers/Jul-12","Oct-12",0,15,12,0,11,15,0,0,0,4,10
"Casual Losers/Jul-12","Nov-12",0,0,0,19,0,13,0,0,0,3,11
"Casual Losers/Jul-12","Dec-12",0,0,0,6,4,3,0,0,0,1,4
"Casual Winners/Jul-12","Nov-11",0,24,52,0,0,35,0,0,34,4,42
"Casual Winners/Jul-12","Dec-11",0,54,57,0,0,55,0,0,38,28,49
"Casual Winners/Jul-12","Jan-12",0,28,37,0,36,31,23,0,0,21,46
"Casual Winners/Jul-12","Feb-12",10,28,28,0,0,34,36,0,0,13,37
"Casual Winners/Jul-12","Mar-12",14,26,47,0,28,25,0,0,0,9,31
"Casual Winners/Jul-12","Apr-12",11,34,49,0,43,25,0,0,0,14,39
"Casual Winners/Jul-12","May-12",17,28,64,0,56,31,0,0,0,14,44
"Casual Winners/Jul-12","Jun-12",0,44,78,0,56,20,29,0,0,15,22
"Casual Winners/Jul-12","Jul-12",0,0,518,0,0,0,0,0,0,0,0
"Casual Winners/Jul-12","Aug-12",0,35,48,0,0,11,20,33,0,0,17
"Casual Winners/Jul-12","Sep-12",0,12,38,0,0,23,14,0,0,7,17
"Casual Winners/Jul-12","Oct-12",0,11,20,0,11,29,0,0,0,4,12
"Casual Winners/Jul-12","Nov-12",0,0,0,19,16,20,0,0,0,5,16
"Casual Winners/Jul-12","Dec-12",0,0,0,16,3,6,0,0,0,1,3
"Moderate Miscellanea/Jul-12","Nov-11",0,23,36,0,0,19,0,0,42,7,59
"Moderate Miscellanea/Jul-12","Dec-11",0,24,24,0,0,53,0,0,22,20,82
"Moderate Miscellanea/Jul-12","Jan-12",0,19,29,0,44,25,17,0,0,12,67
"Moderate Miscellanea/Jul-12","Feb-12",5,17,23,0,0,36,34,0,0,8,63
"Moderate Miscellanea/Jul-12","Mar-12",2,19,30,0,49,17,0,0,0,7,55
"Moderate Miscellanea/Jul-12","Apr-12",9,19,24,0,68,19,0,0,0,8,70
"Moderate Miscellanea/Jul-12","May-12",13,18,33,0,78,19,0,0,0,8,90
"Moderate Miscellanea/Jul-12","Jun-12",0,22,32,0,72,12,49,0,0,22,83
"Moderate Miscellanea/Jul-12","Jul-12",0,0,0,0,351,0,0,0,0,0,0
"Moderate Miscellanea/Jul-12","Aug-12",0,20,27,0,0,17,55,48,0,0,63
"Moderate Miscellanea/Jul-12","Sep-12",0,11,34,0,0,51,18,0,0,10,49
"Moderate Miscellanea/Jul-12","Oct-12",0,9,31,0,31,31,0,0,0,9,40
"Moderate Miscellanea/Jul-12","Nov-12",0,0,0,26,22,33,0,0,0,7,44
"Moderate Miscellanea/Jul-12","Dec-12",0,0,0,14,15,11,0,0,0,2,13
"Moderate Farmers/Jul-12","Nov-11",0,17,27,0,0,20,0,0,17,5,48
"Moderate Farmers/Jul-12","Dec-11",0,20,21,0,0,21,0,0,38,21,59
"Moderate Farmers/Jul-12","Jan-12",0,9,18,0,18,17,17,0,0,13,54
"Moderate Farmers/Jul-12","Feb-12",5,7,18,0,0,34,27,0,0,7,34
"Moderate Farmers/Jul-12","Mar-12",4,13,16,0,14,28,0,0,0,0,37
"Moderate Farmers/Jul-12","Apr-12",6,19,16,0,20,26,0,0,0,8,46
"Moderate Farmers/Jul-12","May-12",7,16,27,0,21,42,0,0,0,9,55
"Moderate Farmers/Jul-12","Jun-12",0,20,25,0,22,29,19,0,0,8,56
"Moderate Farmers/Jul-12","Jul-12",0,0,0,0,0,272,0,0,0,0,0
"Moderate Farmers/Jul-12","Aug-12",0,14,14,0,0,16,8,38,0,0,15
"Moderate Farmers/Jul-12","Sep-12",0,8,9,0,0,24,10,0,0,1,16
"Moderate Farmers/Jul-12","Oct-12",0,4,13,0,7,29,0,0,0,2,9
"Moderate Farmers/Jul-12","Nov-12",0,0,0,5,3,17,0,0,0,0,15
"Moderate Farmers/Jul-12","Dec-12",0,0,0,7,2,3,0,0,0,0,7
"Moderate Losers/Jul-12","Nov-11",0,22,26,0,0,24,0,0,27,5,47
"Moderate Losers/Jul-12","Dec-11",0,24,22,0,0,29,0,0,28,17,61
"Moderate Losers/Jul-12","Jan-12",0,12,15,0,16,18,24,0,0,12,44
"Moderate Losers/Jul-12","Feb-12",3,9,12,0,0,22,23,0,0,8,35
"Moderate Losers/Jul-12","Mar-12",1,19,14,0,25,15,0,0,0,6,33
"Moderate Losers/Jul-12","Apr-12",1,17,16,0,28,22,0,0,0,10,29
"Moderate Losers/Jul-12","May-12",3,19,25,0,25,24,0,0,0,8,58
"Moderate Losers/Jul-12","Jun-12",0,16,17,0,30,16,41,0,0,8,52
"Moderate Losers/Jul-12","Jul-12",0,0,0,0,0,0,284,0,0,0,0
"Moderate Losers/Jul-12","Aug-12",0,20,19,0,0,16,29,22,0,0,28
"Moderate Losers/Jul-12","Sep-12",0,9,15,0,0,27,13,0,0,5,23
"Moderate Losers/Jul-12","Oct-12",0,5,12,0,7,18,0,0,0,2,20
"Moderate Losers/Jul-12","Nov-12",0,0,0,11,5,22,0,0,0,3,16
"Moderate Losers/Jul-12","Dec-12",0,0,0,7,6,2,0,0,0,1,5
"Forum/Jul-12","Nov-11",0,10,11,0,0,14,0,0,7,11,38
"Forum/Jul-12","Dec-11",0,2,7,0,0,16,0,0,12,44,28
"Forum/Jul-12","Jan-12",0,10,5,0,11,7,9,0,0,37,20
"Forum/Jul-12","Feb-12",18,3,7,0,0,8,7,0,0,24,19
"Forum/Jul-12","Mar-12",16,6,6,0,8,10,0,0,0,23,12
"Forum/Jul-12","Apr-12",22,6,7,0,8,8,0,0,0,35,12
"Forum/Jul-12","May-12",23,3,3,0,12,7,0,0,0,45,20
"Forum/Jul-12","Jun-12",0,7,7,0,7,9,3,0,0,71,15
"Forum/Jul-12","Jul-12",0,0,0,0,0,0,0,0,0,136,0
"Forum/Jul-12","Aug-12",0,3,17,0,0,12,11,9,0,0,46
"Forum/Jul-12","Sep-12",0,5,5,0,0,10,5,0,0,35,11
"Forum/Jul-12","Oct-12",0,3,6,0,2,12,0,0,0,32,8
"Forum/Jul-12","Nov-12",0,0,0,7,1,8,0,0,0,14,11
"Forum/Jul-12","Dec-12",0,0,0,7,3,6,0,0,0,6,7
"Hardcore/Jul-12","Nov-11",0,18,40,0,0,38,0,0,58,18,140
"Hardcore/Jul-12","Dec-11",0,17,24,0,0,65,0,0,37,43,201
"Hardcore/Jul-12","Jan-12",0,15,28,0,48,44,37,0,0,32,168
"Hardcore/Jul-12","Feb-12",8,17,21,0,0,54,41,0,0,21,144
"Hardcore/Jul-12","Mar-12",9,20,40,0,43,36,0,0,0,17,152
"Hardcore/Jul-12","Apr-12",7,16,30,0,63,28,0,0,0,33,161
"Hardcore/Jul-12","May-12",7,24,11,0,54,47,0,0,0,50,204
"Hardcore/Jul-12","Jun-12",0,16,24,0,28,25,35,0,0,55,273
"Hardcore/Jul-12","Jul-12",0,0,0,0,0,0,0,0,0,0,563
"Hardcore/Jul-12","Aug-12",0,11,24,0,0,76,53,41,0,0,230
"Hardcore/Jul-12","Sep-12",0,11,26,0,0,71,32,0,0,19,164
"Hardcore/Jul-12","Oct-12",0,7,26,0,33,51,0,0,0,20,129
"Hardcore/Jul-12","Nov-12",0,0,0,30,31,41,0,0,0,16,115
"Hardcore/Jul-12","Dec-12",0,0,0,22,16,24,0,0,0,9,44
"Casual Losers/Aug-12","Nov-11",0,15,22,0,0,14,0,0,30,2,19
"Casual Losers/Aug-12","Dec-11",0,20,25,0,0,29,0,0,28,19,32
"Casual Losers/Aug-12","Jan-12",0,22,17,0,23,9,15,0,0,10,29
"Casual Losers/Aug-12","Feb-12",2,23,14,0,0,18,18,0,0,9,25
"Casual Losers/Aug-12","Mar-12",2,20,17,0,17,15,0,0,0,1,16
"Casual Losers/Aug-12","Apr-12",1,14,19,0,25,17,0,0,0,6,25
"Casual Losers/Aug-12","May-12",12,17,31,0,33,15,0,0,0,8,20
"Casual Losers/Aug-12","Jun-12",0,25,26,0,27,12,19,0,0,9,18
"Casual Losers/Aug-12","Jul-12",0,32,35,0,20,14,20,0,0,3,11
"Casual Losers/Aug-12","Aug-12",0,506,0,0,0,0,0,0,0,0,0
"Casual Losers/Aug-12","Sep-12",0,30,52,0,0,42,20,0,0,5,29
"Casual Losers/Aug-12","Oct-12",0,16,28,0,24,27,0,0,0,3,22
"Casual Losers/Aug-12","Nov-12",0,0,0,23,17,16,0,0,0,3,26
"Casual Losers/Aug-12","Dec-12",0,0,0,14,7,3,0,0,0,3,6
"Casual Winners/Aug-12","Nov-11",0,18,26,0,0,20,0,0,24,3,46
"Casual Winners/Aug-12","Dec-11",0,23,22,0,0,41,0,0,23,21,53
"Casual Winners/Aug-12","Jan-12",0,16,26,0,30,14,8,0,0,18,52
"Casual Winners/Aug-12","Feb-12",8,7,24,0,0,25,27,0,0,7,31
"Casual Winners/Aug-12","Mar-12",9,13,28,0,23,18,0,0,0,9,23
"Casual Winners/Aug-12","Apr-12",8,20,29,0,24,17,0,0,0,12,32
"Casual Winners/Aug-12","May-12",7,21,31,0,40,12,0,0,0,13,41
"Casual Winners/Aug-12","Jun-12",0,27,34,0,24,14,18,0,0,16,25
"Casual Winners/Aug-12","Jul-12",0,19,48,0,27,14,19,0,0,17,24
"Casual Winners/Aug-12","Aug-12",0,0,737,0,0,0,0,0,0,0,0
"Casual Winners/Aug-12","Sep-12",0,33,74,0,0,34,37,0,0,9,30
"Casual Winners/Aug-12","Oct-12",0,20,42,0,24,23,0,0,0,8,25
"Casual Winners/Aug-12","Nov-12",0,0,0,25,20,29,0,0,0,5,20
"Casual Winners/Aug-12","Dec-12",0,0,0,14,6,10,0,0,0,3,6
"Moderate Farmers/Aug-12","Nov-11",0,10,16,0,0,27,0,0,17,6,44
"Moderate Farmers/Aug-12","Dec-11",0,21,13,0,0,20,0,0,22,24,53
"Moderate Farmers/Aug-12","Jan-12",0,13,18,0,11,14,16,0,0,11,47
"Moderate Farmers/Aug-12","Feb-12",3,9,16,0,0,17,19,0,0,9,34
"Moderate Farmers/Aug-12","Mar-12",5,10,15,0,12,10,0,0,0,7,37
"Moderate Farmers/Aug-12","Apr-12",2,15,12,0,22,14,0,0,0,11,42
"Moderate Farmers/Aug-12","May-12",4,10,11,0,15,30,0,0,0,13,51
"Moderate Farmers/Aug-12","Jun-12",0,12,10,0,13,14,16,0,0,17,57
"Moderate Farmers/Aug-12","Jul-12",0,6,11,0,17,16,16,0,0,12,76
"Moderate Farmers/Aug-12","Aug-12",0,0,0,0,0,314,0,0,0,0,0
"Moderate Farmers/Aug-12","Sep-12",0,7,13,0,0,63,18,0,0,6,44
"Moderate Farmers/Aug-12","Oct-12",0,6,17,0,11,36,0,0,0,8,29
"Moderate Farmers/Aug-12","Nov-12",0,0,0,14,7,28,0,0,0,3,24
"Moderate Farmers/Aug-12","Dec-12",0,0,0,7,2,10,0,0,0,1,11
"Moderate Losers/Aug-12","Nov-11",0,10,24,0,0,21,0,0,26,8,34
"Moderate Losers/Aug-12","Dec-11",0,23,18,0,0,34,0,0,26,14,49
"Moderate Losers/Aug-12","Jan-12",0,16,20,0,19,22,15,0,0,12,34
"Moderate Losers/Aug-12","Feb-12",6,14,12,0,0,16,24,0,0,11,37
"Moderate Losers/Aug-12","Mar-12",2,15,28,0,32,7,0,0,0,6,31
"Moderate Losers/Aug-12","Apr-12",8,18,18,0,31,14,0,0,0,13,36
"Moderate Losers/Aug-12","May-12",6,19,19,0,27,19,0,0,0,12,52
"Moderate Losers/Aug-12","Jun-12",0,16,25,0,35,10,31,0,0,14,42
"Moderate Losers/Aug-12","Jul-12",0,16,20,0,55,8,29,0,0,11,53
"Moderate Losers/Aug-12","Aug-12",0,0,0,0,0,0,608,0,0,0,0
"Moderate Losers/Aug-12","Sep-12",0,29,50,0,0,48,75,0,0,16,104
"Moderate Losers/Aug-12","Oct-12",0,19,39,0,42,50,0,0,0,10,59
"Moderate Losers/Aug-12","Nov-12",0,0,0,30,24,33,0,0,0,10,43
"Moderate Losers/Aug-12","Dec-12",0,0,0,12,6,9,0,0,0,3,10
"Moderate Winners/Aug-12","Nov-11",0,19,33,0,0,27,0,0,32,7,40
"Moderate Winners/Aug-12","Dec-11",0,27,24,0,0,38,0,0,35,22,66
"Moderate Winners/Aug-12","Jan-12",0,15,23,0,23,27,17,0,0,22,49
"Moderate Winners/Aug-12","Feb-12",7,5,22,0,0,44,24,0,0,13,30
"Moderate Winners/Aug-12","Mar-12",4,16,25,0,32,20,0,0,0,15,39
"Moderate Winners/Aug-12","Apr-12",7,13,32,0,43,20,0,0,0,10,43
"Moderate Winners/Aug-12","May-12",12,15,37,0,44,34,0,0,0,10,58
"Moderate Winners/Aug-12","Jun-12",0,18,38,0,42,15,22,0,0,17,52
"Moderate Winners/Aug-12","Jul-12",0,22,33,0,48,38,22,0,0,9,41
"Moderate Winners/Aug-12","Aug-12",0,0,0,0,0,0,0,542,0,0,0
"Moderate Winners/Aug-12","Sep-12",0,28,50,0,0,81,41,0,0,11,45
"Moderate Winners/Aug-12","Oct-12",0,10,39,0,30,49,0,0,0,6,35
"Moderate Winners/Aug-12","Nov-12",0,0,0,36,17,31,0,0,0,5,29
"Moderate Winners/Aug-12","Dec-12",0,0,0,11,12,10,0,0,0,2,12
"Hardcore/Aug-12","Nov-11",0,27,39,0,0,35,0,0,49,16,128
"Hardcore/Aug-12","Dec-11",0,24,32,0,0,59,0,0,37,40,171
"Hardcore/Aug-12","Jan-12",0,14,25,0,53,28,29,0,0,36,145
"Hardcore/Aug-12","Feb-12",16,15,18,0,0,50,34,0,0,26,121
"Hardcore/Aug-12","Mar-12",16,18,26,0,39,30,0,0,0,22,128
"Hardcore/Aug-12","Apr-12",9,11,30,0,50,19,0,0,0,38,138
"Hardcore/Aug-12","May-12",10,14,19,0,54,35,0,0,0,49,168
"Hardcore/Aug-12","Jun-12",0,11,17,0,40,17,38,0,0,61,189
"Hardcore/Aug-12","Jul-12",0,11,17,0,63,15,28,0,0,46,230
"Hardcore/Aug-12","Aug-12",0,0,0,0,0,0,0,0,0,0,826
"Hardcore/Aug-12","Sep-12",0,22,36,0,0,98,56,0,0,44,352
"Hardcore/Aug-12","Oct-12",0,9,37,0,57,93,0,0,0,38,200
"Hardcore/Aug-12","Nov-12",0,0,0,40,34,48,0,0,0,28,170
"Hardcore/Aug-12","Dec-12",0,0,0,33,22,22,0,0,0,13,51
"Casual Losers/Sep-12","Nov-11",0,9,18,0,0,8,0,0,17,5,26
"Casual Losers/Sep-12","Dec-11",0,15,11,0,0,20,0,0,16,14,26
"Casual Losers/Sep-12","Jan-12",0,12,11,0,14,6,5,0,0,8,22
"Casual Losers/Sep-12","Feb-12",4,8,14,0,0,8,15,0,0,4,13
"Casual Losers/Sep-12","Mar-12",1,10,13,0,13,6,0,0,0,4,10
"Casual Losers/Sep-12","Apr-12",3,11,11,0,14,13,0,0,0,4,16
"Casual Losers/Sep-12","May-12",3,9,16,0,26,10,0,0,0,8,18
"Casual Losers/Sep-12","Jun-12",0,14,11,0,13,6,7,0,0,6,13
"Casual Losers/Sep-12","Jul-12",0,11,12,0,11,8,9,0,0,5,11
"Casual Losers/Sep-12","Aug-12",0,30,33,0,0,7,29,28,0,0,22
"Casual Losers/Sep-12","Sep-12",0,547,0,0,0,0,0,0,0,0,0
"Casual Losers/Sep-12","Oct-12",0,27,47,0,51,37,0,0,0,5,45
"Casual Losers/Sep-12","Nov-12",0,0,0,44,25,20,0,0,0,5,28
"Casual Losers/Sep-12","Dec-12",0,0,0,14,7,5,0,0,0,1,8
"Casual Winners/Sep-12","Nov-11",0,22,33,0,0,28,0,0,32,4,37
"Casual Winners/Sep-12","Dec-11",0,32,29,0,0,45,0,0,33,14,52
"Casual Winners/Sep-12","Jan-12",0,23,24,0,30,22,15,0,0,12,45
"Casual Winners/Sep-12","Feb-12",7,15,20,0,0,23,35,0,0,8,35
"Casual Winners/Sep-12","Mar-12",5,22,32,0,30,16,0,0,0,6,33
"Casual Winners/Sep-12","Apr-12",1,17,38,0,40,17,0,0,0,6,37
"Casual Winners/Sep-12","May-12",6,18,38,0,46,23,0,0,0,9,39
"Casual Winners/Sep-12","Jun-12",0,24,30,0,42,14,23,0,0,13,28
"Casual Winners/Sep-12","Jul-12",0,21,38,0,34,9,15,0,0,5,26
"Casual Winners/Sep-12","Aug-12",0,52,74,0,0,13,50,50,0,0,36
"Casual Winners/Sep-12","Sep-12",0,0,1089,0,0,0,0,0,0,0,0
"Casual Winners/Sep-12","Oct-12",0,48,115,0,61,58,0,0,0,11,57
"Casual Winners/Sep-12","Nov-12",0,0,0,59,41,52,0,0,0,6,35
"Casual Winners/Sep-12","Dec-12",0,0,0,17,10,16,0,0,0,2,8
"Moderate Farmers/Sep-12","Nov-11",0,18,43,0,0,37,0,0,35,8,55
"Moderate Farmers/Sep-12","Dec-11",0,24,40,0,0,39,0,0,43,28,79
"Moderate Farmers/Sep-12","Jan-12",0,17,29,0,32,28,28,0,0,19,64
"Moderate Farmers/Sep-12","Feb-12",6,12,21,0,0,43,26,0,0,11,48
"Moderate Farmers/Sep-12","Mar-12",2,12,29,0,32,24,0,0,0,6,50
"Moderate Farmers/Sep-12","Apr-12",8,24,32,0,36,29,0,0,0,18,49
"Moderate Farmers/Sep-12","May-12",9,23,27,0,40,39,0,0,0,25,63
"Moderate Farmers/Sep-12","Jun-12",0,21,30,0,35,21,24,0,0,24,70
"Moderate Farmers/Sep-12","Jul-12",0,13,23,0,51,24,27,0,0,10,71
"Moderate Farmers/Sep-12","Aug-12",0,42,34,0,0,63,48,81,0,0,98
"Moderate Farmers/Sep-12","Sep-12",0,0,0,0,0,700,0,0,0,0,0
"Moderate Farmers/Sep-12","Oct-12",0,26,65,0,65,107,0,0,0,10,105
"Moderate Farmers/Sep-12","Nov-12",0,0,0,44,38,61,0,0,0,8,63
"Moderate Farmers/Sep-12","Dec-12",0,0,0,19,15,31,0,0,0,4,11
"Moderate Losers/Sep-12","Nov-11",0,13,20,0,0,14,0,0,26,1,32
"Moderate Losers/Sep-12","Dec-11",0,15,13,0,0,28,0,0,17,7,46
"Moderate Losers/Sep-12","Jan-12",0,12,12,0,21,14,14,0,0,6,32
"Moderate Losers/Sep-12","Feb-12",2,15,19,0,0,19,16,0,0,5,28
"Moderate Losers/Sep-12","Mar-12",5,7,15,0,22,8,0,0,0,3,23
"Moderate Losers/Sep-12","Apr-12",2,11,14,0,18,9,0,0,0,8,26
"Moderate Losers/Sep-12","May-12",2,12,12,0,18,17,0,0,0,9,32
"Moderate Losers/Sep-12","Jun-12",0,12,17,0,14,10,18,0,0,5,28
"Moderate Losers/Sep-12","Jul-12",0,11,14,0,18,10,13,0,0,5,32
"Moderate Losers/Sep-12","Aug-12",0,20,37,0,0,18,75,41,0,0,56
"Moderate Losers/Sep-12","Sep-12",0,0,0,0,0,0,607,0,0,0,0
"Moderate Losers/Sep-12","Oct-12",0,30,50,0,75,54,0,0,0,7,84
"Moderate Losers/Sep-12","Nov-12",0,0,0,42,35,38,0,0,0,5,58
"Moderate Losers/Sep-12","Dec-12",0,0,0,15,6,10,0,0,0,7,8
"Forum/Sep-12","Nov-11",0,7,9,0,0,6,0,0,8,8,28
"Forum/Sep-12","Dec-11",0,10,5,0,0,11,0,0,8,24,23
"Forum/Sep-12","Jan-12",0,7,8,0,14,1,8,0,0,19,19
"Forum/Sep-12","Feb-12",10,1,4,0,0,9,9,0,0,15,18
"Forum/Sep-12","Mar-12",10,10,5,0,9,5,0,0,0,19,15
"Forum/Sep-12","Apr-12",12,2,7,0,10,5,0,0,0,20,15
"Forum/Sep-12","May-12",12,4,2,0,11,4,0,0,0,23,26
"Forum/Sep-12","Jun-12",0,1,8,0,5,3,6,0,0,35,21
"Forum/Sep-12","Jul-12",0,3,7,0,10,1,5,0,0,35,19
"Forum/Sep-12","Aug-12",0,5,9,0,0,6,16,11,0,0,44
"Forum/Sep-12","Sep-12",0,0,0,0,0,0,0,0,0,124,0
"Forum/Sep-12","Oct-12",0,5,10,0,5,6,0,0,0,38,19
"Forum/Sep-12","Nov-12",0,0,0,13,8,9,0,0,0,17,20
"Forum/Sep-12","Dec-12",0,0,0,4,5,2,0,0,0,8,8
"Hardcore/Sep-12","Nov-11",0,19,32,0,0,32,0,0,44,8,122
"Hardcore/Sep-12","Dec-11",0,16,30,0,0,55,0,0,37,23,157
"Hardcore/Sep-12","Jan-12",0,10,21,0,37,25,34,0,0,18,139
"Hardcore/Sep-12","Feb-12",5,14,17,0,0,40,38,0,0,18,105
"Hardcore/Sep-12","Mar-12",6,19,28,0,32,27,0,0,0,8,110
"Hardcore/Sep-12","Apr-12",1,15,22,0,48,16,0,0,0,16,128
"Hardcore/Sep-12","May-12",3,13,18,0,40,31,0,0,0,21,152
"Hardcore/Sep-12","Jun-12",0,14,16,0,28,16,31,0,0,32,149
"Hardcore/Sep-12","Jul-12",0,13,17,0,49,16,23,0,0,11,164
"Hardcore/Sep-12","Aug-12",0,29,30,0,0,44,104,45,0,0,352
"Hardcore/Sep-12","Sep-12",0,0,0,0,0,0,0,0,0,0,1102
"Hardcore/Sep-12","Oct-12",0,18,56,0,115,112,0,0,0,26,434
"Hardcore/Sep-12","Nov-12",0,0,0,61,65,89,0,0,0,19,265
"Hardcore/Sep-12","Dec-12",0,0,0,28,31,32,0,0,0,6,65
"Casual Losers/Oct-12","Nov-11",0,13,11,0,0,10,0,0,8,2,19
"Casual Losers/Oct-12","Dec-11",0,16,11,0,0,16,0,0,9,8,14
"Casual Losers/Oct-12","Jan-12",0,10,9,0,8,6,10,0,0,7,13
"Casual Losers/Oct-12","Feb-12",1,5,8,0,0,7,7,0,0,4,13
"Casual Losers/Oct-12","Mar-12",4,12,10,0,13,5,0,0,0,2,7
"Casual Losers/Oct-12","Apr-12",1,6,12,0,12,5,0,0,0,10,7
"Casual Losers/Oct-12","May-12",5,10,12,0,15,9,0,0,0,5,9
"Casual Losers/Oct-12","Jun-12",0,13,6,0,12,1,7,0,0,5,10
"Casual Losers/Oct-12","Jul-12",0,15,11,0,9,4,5,0,0,3,7
"Casual Losers/Oct-12","Aug-12",0,16,20,0,0,6,19,10,0,0,9
"Casual Losers/Oct-12","Sep-12",0,27,48,0,0,26,30,0,0,5,18
"Casual Losers/Oct-12","Oct-12",0,496,0,0,0,0,0,0,0,0,0
"Casual Losers/Oct-12","Nov-12",0,0,0,70,44,32,0,0,0,3,26
"Casual Losers/Oct-12","Dec-12",0,0,0,13,4,10,0,0,0,1,9
"Casual Winners/Oct-12","Nov-11",0,20,30,0,0,24,0,0,25,7,46
"Casual Winners/Oct-12","Dec-11",0,26,25,0,0,32,0,0,31,19,59
"Casual Winners/Oct-12","Jan-12",0,19,27,0,23,27,16,0,0,11,35
"Casual Winners/Oct-12","Feb-12",6,19,14,0,0,18,26,0,0,8,29
"Casual Winners/Oct-12","Mar-12",4,12,18,0,26,15,0,0,0,4,26
"Casual Winners/Oct-12","Apr-12",4,13,24,0,32,14,0,0,0,13,35
"Casual Winners/Oct-12","May-12",8,17,18,0,27,24,0,0,0,10,38
"Casual Winners/Oct-12","Jun-12",0,17,15,0,26,10,21,0,0,13,40
"Casual Winners/Oct-12","Jul-12",0,12,20,0,31,13,12,0,0,6,26
"Casual Winners/Oct-12","Aug-12",0,28,42,0,0,17,39,39,0,0,37
"Casual Winners/Oct-12","Sep-12",0,47,115,0,0,65,50,0,0,10,56
"Casual Winners/Oct-12","Oct-12",0,0,1226,0,0,0,0,0,0,0,0
"Casual Winners/Oct-12","Nov-12",0,0,0,135,65,61,0,0,0,6,67
"Casual Winners/Oct-12","Dec-12",0,0,0,30,11,16,0,0,0,3,11
"Moderate Miscellanea/Oct-12","Nov-11",0,14,24,0,0,9,0,0,29,2,24
"Moderate Miscellanea/Oct-12","Dec-11",0,20,18,0,0,29,0,0,14,8,42
"Moderate Miscellanea/Oct-12","Jan-12",0,16,14,0,19,7,10,0,0,8,37
"Moderate Miscellanea/Oct-12","Feb-12",0,10,8,0,0,17,16,0,0,7,30
"Moderate Miscellanea/Oct-12","Mar-12",3,7,13,0,27,8,0,0,0,3,22
"Moderate Miscellanea/Oct-12","Apr-12",3,8,17,0,27,9,0,0,0,3,30
"Moderate Miscellanea/Oct-12","May-12",2,7,21,0,33,8,0,0,0,8,39
"Moderate Miscellanea/Oct-12","Jun-12",0,4,12,0,26,3,14,0,0,11,38
"Moderate Miscellanea/Oct-12","Jul-12",0,11,11,0,31,7,7,0,0,2,33
"Moderate Miscellanea/Oct-12","Aug-12",0,24,24,0,0,11,42,30,0,0,57
"Moderate Miscellanea/Oct-12","Sep-12",0,51,61,0,0,65,75,0,0,5,115
"Moderate Miscellanea/Oct-12","Oct-12",0,0,0,0,783,0,0,0,0,0,0
"Moderate Miscellanea/Oct-12","Nov-12",0,0,0,111,110,76,0,0,0,11,125
"Moderate Miscellanea/Oct-12","Dec-12",0,0,0,36,31,20,0,0,0,3,21
"Moderate Farmers/Oct-12","Nov-11",0,18,29,0,0,35,0,0,37,7,58
"Moderate Farmers/Oct-12","Dec-11",0,25,22,0,0,45,0,0,30,15,83
"Moderate Farmers/Oct-12","Jan-12",0,20,25,0,20,30,22,0,0,19,53
"Moderate Farmers/Oct-12","Feb-12",8,18,19,0,0,36,20,0,0,9,46
"Moderate Farmers/Oct-12","Mar-12",2,15,23,0,19,23,0,0,0,7,51
"Moderate Farmers/Oct-12","Apr-12",2,15,29,0,27,26,0,0,0,10,55
"Moderate Farmers/Oct-12","May-12",9,16,27,0,30,42,0,0,0,13,56
"Moderate Farmers/Oct-12","Jun-12",0,23,29,0,23,22,22,0,0,18,53
"Moderate Farmers/Oct-12","Jul-12",0,15,29,0,31,29,18,0,0,12,51
"Moderate Farmers/Oct-12","Aug-12",0,27,23,0,0,36,50,49,0,0,93
"Moderate Farmers/Oct-12","Sep-12",0,37,58,0,0,107,54,0,0,6,112
"Moderate Farmers/Oct-12","Oct-12",0,0,0,0,0,741,0,0,0,0,0
"Moderate Farmers/Oct-12","Nov-12",0,0,0,68,39,94,0,0,0,3,76
"Moderate Farmers/Oct-12","Dec-12",0,0,0,24,8,24,0,0,0,4,13
"Forum/Oct-12","Nov-11",0,5,13,0,0,5,0,0,6,8,26
"Forum/Oct-12","Dec-11",0,4,9,0,0,9,0,0,10,23,25
"Forum/Oct-12","Jan-12",0,2,4,0,14,3,8,0,0,23,18
"Forum/Oct-12","Feb-12",10,6,5,0,0,6,6,0,0,15,15
"Forum/Oct-12","Mar-12",9,6,6,0,10,3,0,0,0,14,15
"Forum/Oct-12","Apr-12",13,0,8,0,6,2,0,0,0,22,13
"Forum/Oct-12","May-12",8,3,4,0,9,4,0,0,0,27,18
"Forum/Oct-12","Jun-12",0,6,10,0,6,3,4,0,0,32,15
"Forum/Oct-12","Jul-12",0,4,4,0,9,2,2,0,0,32,20
"Forum/Oct-12","Aug-12",0,3,8,0,0,8,10,6,0,0,38
"Forum/Oct-12","Sep-12",0,5,11,0,0,10,7,0,0,38,26
"Forum/Oct-12","Oct-12",0,0,0,0,0,0,0,0,0,128,0
"Forum/Oct-12","Nov-12",0,0,0,9,13,6,0,0,0,25,25
"Forum/Oct-12","Dec-12",0,0,0,4,5,4,0,0,0,7,8
"Hardcore/Oct-12","Nov-11",0,26,30,0,0,33,0,0,47,7,114
"Hardcore/Oct-12","Dec-11",0,23,35,0,0,47,0,0,40,22,143
"Hardcore/Oct-12","Jan-12",0,16,18,0,44,25,26,0,0,18,110
"Hardcore/Oct-12","Feb-12",6,11,18,0,0,39,34,0,0,14,102
"Hardcore/Oct-12","Mar-12",4,15,28,0,27,26,0,0,0,9,98
"Hardcore/Oct-12","Apr-12",0,17,16,0,46,17,0,0,0,8,110
"Hardcore/Oct-12","May-12",1,10,17,0,30,35,0,0,0,13,134
"Hardcore/Oct-12","Jun-12",0,14,15,0,25,17,30,0,0,19,121
"Hardcore/Oct-12","Jul-12",0,10,12,0,40,9,20,0,0,8,129
"Hardcore/Oct-12","Aug-12",0,22,25,0,0,29,59,35,0,0,200
"Hardcore/Oct-12","Sep-12",0,45,57,0,0,105,84,0,0,19,434
"Hardcore/Oct-12","Oct-12",0,0,0,0,0,0,0,0,0,0,1256
"Hardcore/Oct-12","Nov-12",0,0,0,89,131,133,0,0,0,30,510
"Hardcore/Oct-12","Dec-12",0,0,0,43,44,42,0,0,0,10,84
"Casual/Nov-12","Nov-11",0,23,38,0,0,19,0,0,28,4,38
"Casual/Nov-12","Dec-11",0,31,23,0,0,42,0,0,35,15,48
"Casual/Nov-12","Jan-12",0,30,23,0,25,18,15,0,0,14,33
"Casual/Nov-12","Feb-12",8,16,16,0,0,13,20,0,0,6,33
"Casual/Nov-12","Mar-12",9,15,24,0,23,13,0,0,0,7,28
"Casual/Nov-12","Apr-12",4,18,21,0,29,22,0,0,0,12,32
"Casual/Nov-12","May-12",7,20,21,0,46,16,0,0,0,10,39
"Casual/Nov-12","Jun-12",0,21,16,0,28,7,16,0,0,14,31
"Casual/Nov-12","Jul-12",0,19,19,0,26,5,11,0,0,7,30
"Casual/Nov-12","Aug-12",0,23,25,0,0,14,30,36,0,0,40
"Casual/Nov-12","Sep-12",0,44,59,0,0,44,42,0,0,13,61
"Casual/Nov-12","Oct-12",0,70,135,0,111,68,0,0,0,9,89
"Casual/Nov-12","Nov-12",0,0,0,1430,0,0,0,0,0,0,0
"Casual/Nov-12","Dec-12",0,0,0,57,14,25,0,0,0,0,12
"Moderate Miscellanea/Nov-12","Nov-11",0,11,25,0,0,9,0,0,18,2,34
"Moderate Miscellanea/Nov-12","Dec-11",0,15,15,0,0,30,0,0,21,7,36
"Moderate Miscellanea/Nov-12","Jan-12",0,10,11,0,24,11,12,0,0,8,22
"Moderate Miscellanea/Nov-12","Feb-12",1,11,5,0,0,14,13,0,0,7,27
"Moderate Miscellanea/Nov-12","Mar-12",2,13,9,0,14,8,0,0,0,1,28
"Moderate Miscellanea/Nov-12","Apr-12",3,8,11,0,28,11,0,0,0,7,18
"Moderate Miscellanea/Nov-12","May-12",2,5,15,0,17,11,0,0,0,7,33
"Moderate Miscellanea/Nov-12","Jun-12",0,14,10,0,21,1,6,0,0,8,26
"Moderate Miscellanea/Nov-12","Jul-12",0,0,16,0,22,3,5,0,0,1,31
"Moderate Miscellanea/Nov-12","Aug-12",0,17,20,0,0,7,24,17,0,0,34
"Moderate Miscellanea/Nov-12","Sep-12",0,25,41,0,0,38,35,0,0,8,65
"Moderate Miscellanea/Nov-12","Oct-12",0,44,65,0,110,39,0,0,0,13,131
"Moderate Miscellanea/Nov-12","Nov-12",0,0,0,0,722,0,0,0,0,0,0
"Moderate Miscellanea/Nov-12","Dec-12",0,0,0,47,42,29,0,0,0,5,22
"Moderate Farmers/Nov-12","Nov-11",0,19,30,0,0,22,0,0,26,9,51
"Moderate Farmers/Nov-12","Dec-11",0,25,31,0,0,35,0,0,26,22,65
"Moderate Farmers/Nov-12","Jan-12",0,16,14,0,22,27,20,0,0,16,52
"Moderate Farmers/Nov-12","Feb-12",3,15,14,0,0,32,30,0,0,11,39
"Moderate Farmers/Nov-12","Mar-12",5,9,19,0,24,25,0,0,0,10,33
"Moderate Farmers/Nov-12","Apr-12",2,12,29,0,22,23,0,0,0,18,37
"Moderate Farmers/Nov-12","May-12",4,11,22,0,29,29,0,0,0,14,44
"Moderate Farmers/Nov-12","Jun-12",0,11,14,0,23,14,22,0,0,19,45
"Moderate Farmers/Nov-12","Jul-12",0,13,20,0,33,17,22,0,0,8,41
"Moderate Farmers/Nov-12","Aug-12",0,16,29,0,0,28,33,31,0,0,48
"Moderate Farmers/Nov-12","Sep-12",0,20,52,0,0,61,38,0,0,9,89
"Moderate Farmers/Nov-12","Oct-12",0,32,61,0,76,94,0,0,0,6,133
"Moderate Farmers/Nov-12","Nov-12",0,0,0,0,0,715,0,0,0,0,0
"Moderate Farmers/Nov-12","Dec-12",0,0,0,27,12,33,0,0,0,5,10
"Forum/Nov-12","Nov-11",0,1,5,0,0,4,0,0,10,7,11
"Forum/Nov-12","Dec-11",0,4,6,0,0,5,0,0,6,20,12
"Forum/Nov-12","Jan-12",0,2,5,0,5,9,1,0,0,14,11
"Forum/Nov-12","Feb-12",4,2,3,0,0,3,4,0,0,11,13
"Forum/Nov-12","Mar-12",7,3,6,0,5,3,0,0,0,7,9
"Forum/Nov-12","Apr-12",4,3,5,0,7,2,0,0,0,9,16
"Forum/Nov-12","May-12",8,1,2,0,8,3,0,0,0,12,13
"Forum/Nov-12","Jun-12",0,2,4,0,7,2,2,0,0,18,11
"Forum/Nov-12","Jul-12",0,3,5,0,7,0,3,0,0,14,16
"Forum/Nov-12","Aug-12",0,3,5,0,0,3,10,5,0,0,28
"Forum/Nov-12","Sep-12",0,5,6,0,0,8,5,0,0,17,19
"Forum/Nov-12","Oct-12",0,3,6,0,11,3,0,0,0,25,30
"Forum/Nov-12","Nov-12",0,0,0,0,0,0,0,0,0,100,0
"Forum/Nov-12","Dec-12",0,0,0,5,5,10,0,0,0,14,14
"Hardcore/Nov-12","Nov-11",0,24,36,0,0,32,0,0,43,8,94
"Hardcore/Nov-12","Dec-11",0,23,32,0,0,51,0,0,31,20,141
"Hardcore/Nov-12","Jan-12",0,17,19,0,48,18,23,0,0,20,113
"Hardcore/Nov-12","Feb-12",8,17,25,0,0,41,30,0,0,12,93
"Hardcore/Nov-12","Mar-12",5,12,27,0,35,23,0,0,0,9,91
"Hardcore/Nov-12","Apr-12",5,11,21,0,43,18,0,0,0,16,110
"Hardcore/Nov-12","May-12",1,13,9,0,30,31,0,0,0,25,134
"Hardcore/Nov-12","Jun-12",0,14,19,0,25,17,26,0,0,19,122
"Hardcore/Nov-12","Jul-12",0,11,16,0,44,15,16,0,0,11,115
"Hardcore/Nov-12","Aug-12",0,26,20,0,0,24,43,29,0,0,170
"Hardcore/Nov-12","Sep-12",0,28,35,0,0,63,58,0,0,20,265
"Hardcore/Nov-12","Oct-12",0,26,67,0,125,76,0,0,0,25,510
"Hardcore/Nov-12","Nov-12",0,0,0,0,0,0,0,0,0,0,1135
"Hardcore/Nov-12","Dec-12",0,0,0,50,80,55,0,0,0,5,145
"Casual/Dec-12","Nov-11",0,15,5,0,0,10,0,0,18,3,21
"Casual/Dec-12","Dec-11",0,8,7,0,0,23,0,0,22,6,31
"Casual/Dec-12","Jan-12",0,12,7,0,23,9,8,0,0,9,17
"Casual/Dec-12","Feb-12",2,14,8,0,0,9,20,0,0,5,17
"Casual/Dec-12","Mar-12",3,13,9,0,16,7,0,0,0,5,14
"Casual/Dec-12","Apr-12",1,9,10,0,23,11,0,0,0,9,21
"Casual/Dec-12","May-12",6,12,17,0,14,12,0,0,0,6,25
"Casual/Dec-12","Jun-12",0,11,9,0,17,7,9,0,0,9,19
"Casual/Dec-12","Jul-12",0,6,16,0,14,7,7,0,0,7,22
"Casual/Dec-12","Aug-12",0,14,14,0,0,7,12,11,0,0,33
"Casual/Dec-12","Sep-12",0,14,17,0,0,19,15,0,0,4,28
"Casual/Dec-12","Oct-12",0,13,30,0,36,24,0,0,0,4,43
"Casual/Dec-12","Nov-12",0,0,0,57,47,27,0,0,0,5,50
"Casual/Dec-12","Dec-12",0,0,0,355,0,0,0,0,0,0,0
"Moderate Miscellanea/Dec-12","Nov-11",0,4,4,0,0,1,0,0,10,1,19
"Moderate Miscellanea/Dec-12","Dec-11",0,6,7,0,0,14,0,0,8,6,22
"Moderate Miscellanea/Dec-12","Jan-12",0,3,3,0,8,6,8,0,0,6,17
"Moderate Miscellanea/Dec-12","Feb-12",0,2,2,0,0,11,10,0,0,2,18
"Moderate Miscellanea/Dec-12","Mar-12",0,2,6,0,18,4,0,0,0,1,19
"Moderate Miscellanea/Dec-12","Apr-12",1,5,3,0,13,5,0,0,0,4,22
"Moderate Miscellanea/Dec-12","May-12",2,3,5,0,10,3,0,0,0,6,27
"Moderate Miscellanea/Dec-12","Jun-12",0,3,4,0,9,2,3,0,0,8,25
"Moderate Miscellanea/Dec-12","Jul-12",0,4,3,0,15,2,6,0,0,3,16
"Moderate Miscellanea/Dec-12","Aug-12",0,7,6,0,0,2,6,12,0,0,22
"Moderate Miscellanea/Dec-12","Sep-12",0,7,10,0,0,15,6,0,0,5,31
"Moderate Miscellanea/Dec-12","Oct-12",0,4,11,0,31,8,0,0,0,5,44
"Moderate Miscellanea/Dec-12","Nov-12",0,0,0,14,42,12,0,0,0,5,80
"Moderate Miscellanea/Dec-12","Dec-12",0,0,0,0,189,0,0,0,0,0,0
"Moderate Farmers/Dec-12","Nov-11",0,7,15,0,0,12,0,0,6,2,13
"Moderate Farmers/Dec-12","Dec-11",0,7,7,0,0,9,0,0,17,5,31
"Moderate Farmers/Dec-12","Jan-12",0,7,7,0,10,10,6,0,0,7,21
"Moderate Farmers/Dec-12","Feb-12",3,6,5,0,0,14,8,0,0,2,24
"Moderate Farmers/Dec-12","Mar-12",1,5,12,0,10,9,0,0,0,5,24
"Moderate Farmers/Dec-12","Apr-12",1,6,10,0,11,8,0,0,0,6,24
"Moderate Farmers/Dec-12","May-12",5,5,13,0,8,5,0,0,0,7,23
"Moderate Farmers/Dec-12","Jun-12",0,5,7,0,8,5,9,0,0,9,20
"Moderate Farmers/Dec-12","Jul-12",0,3,6,0,11,3,2,0,0,6,24
"Moderate Farmers/Dec-12","Aug-12",0,3,10,0,0,10,9,10,0,0,22
"Moderate Farmers/Dec-12","Sep-12",0,5,16,0,0,31,10,0,0,2,32
"Moderate Farmers/Dec-12","Oct-12",0,10,16,0,20,24,0,0,0,4,42
"Moderate Farmers/Dec-12","Nov-12",0,0,0,25,29,33,0,0,0,10,55
"Moderate Farmers/Dec-12","Dec-12",0,0,0,0,0,212,0,0,0,0,0
"Forum/Dec-12","Nov-11",0,2,2,0,0,1,0,0,2,3,6
"Forum/Dec-12","Dec-11",0,4,1,0,0,2,0,0,2,7,6
"Forum/Dec-12","Jan-12",0,2,3,0,1,2,2,0,0,4,4
"Forum/Dec-12","Feb-12",3,2,3,0,0,0,1,0,0,1,3
"Forum/Dec-12","Mar-12",1,1,2,0,1,1,0,0,0,2,3
"Forum/Dec-12","Apr-12",2,2,3,0,2,0,0,0,0,5,1
"Forum/Dec-12","May-12",1,2,1,0,3,1,0,0,0,10,2
"Forum/Dec-12","Jun-12",0,4,0,0,2,1,0,0,0,6,6
"Forum/Dec-12","Jul-12",0,1,1,0,2,0,1,0,0,6,9
"Forum/Dec-12","Aug-12",0,3,3,0,0,1,3,2,0,0,13
"Forum/Dec-12","Sep-12",0,1,2,0,0,4,7,0,0,8,6
"Forum/Dec-12","Oct-12",0,1,3,0,3,4,0,0,0,7,10
"Forum/Dec-12","Nov-12",0,0,0,0,5,5,0,0,0,14,5
"Forum/Dec-12","Dec-12",0,0,0,0,0,0,0,0,0,41,0
"Hardcore/Dec-12","Nov-11",0,8,11,0,0,10,0,0,8,6,32
"Hardcore/Dec-12","Dec-11",0,9,9,0,0,18,0,0,4,19,37
"Hardcore/Dec-12","Jan-12",0,8,10,0,15,5,7,0,0,13,38
"Hardcore/Dec-12","Feb-12",2,4,5,0,0,9,16,0,0,10,39
"Hardcore/Dec-12","Mar-12",3,5,9,0,10,10,0,0,0,4,40
"Hardcore/Dec-12","Apr-12",3,3,3,0,16,3,0,0,0,10,42
"Hardcore/Dec-12","May-12",1,2,4,0,12,8,0,0,0,10,53
"Hardcore/Dec-12","Jun-12",0,5,3,0,3,4,8,0,0,13,47
"Hardcore/Dec-12","Jul-12",0,4,3,0,13,7,5,0,0,7,44
"Hardcore/Dec-12","Aug-12",0,6,6,0,0,11,10,12,0,0,51
"Hardcore/Dec-12","Sep-12",0,8,8,0,0,11,8,0,0,8,65
"Hardcore/Dec-12","Oct-12",0,9,11,0,21,13,0,0,0,8,84
"Hardcore/Dec-12","Nov-12",0,0,0,12,22,10,0,0,0,14,145
"Hardcore/Dec-12","Dec-12",0,0,0,0,0,0,0,0,0,0,231
