"index","click","Moderate Farmers/Nov-11","Casual Winners/Nov-11","Casual Losers/Nov-11","Forum /Nov-11","Moderate/Nov-11","Hardcore/Nov-11","Casual Winners/Dec-11","Casual Losers/Dec-11","Moderate Farmers/Dec-11","Hardcore/Dec-11","Forum/Dec-11","Moderate/Dec-11","Moderate Losers/Jan-12","Moderate Miscellanea/Jan-12","Casual Losers/Jan-12","Hardcore/Jan-12","Casual Winners/Jan-12","Forum /Jan-12","Moderate Farmers/Jan-12","Moderate Farmers/Feb-12","Moderate Losers/Feb-12","Casual Losers/Feb-12","Hardcore/Feb-12","Casual Winners/Feb-12","Forum /Feb-12","Casual Forum/Feb-12","Casual Forum/Mar-12","Casual Winners/Mar-12","Moderate Miscellanea/Mar-12","Casual Losers/Mar-12","Hardcore/Mar-12","Forum /Mar-12","Moderate Farmers/Mar-12","Casual Winners/Apr-12","Casual Losers/Apr-12","Casual Forum/Apr-12","Moderate Miscellanea/Apr-12","Moderate Farmers/Apr-12","Forum /Apr-12","Hardcore/Apr-12","Hardcore/May-12","Casual Forum/May-12","Casual Winners/May-12","Casual Losers/May-12","Moderate Miscellanea/May-12","Forum /May-12","Moderate Farmers/May-12","Hardcore/Jun-12","Moderate Losers/Jun-12","Moderate Miscellanea/Jun-12","Casual Losers/Jun-12","Moderate Farmers/Jun-12","Forum /Jun-12","Casual Winners/Jun-12","Casual Winners/Jul-12","Moderate Miscellanea/Jul-12","Moderate Farmers/Jul-12","Casual Losers/Jul-12","Forum /Jul-12","Hardcore/Jul-12","Moderate Losers/Jul-12","Hardcore/Aug-12","Casual Losers/Aug-12","Casual Winners/Aug-12","Moderate Losers/Aug-12","Moderate Winners/Aug-12","Moderate Farmers/Aug-12","Casual Winners/Sep-12","Moderate Farmers/Sep-12","Hardcore/Sep-12","Casual Losers/Sep-12","Moderate Losers/Sep-12","Forum /Sep-12","Hardcore/Oct-12","Moderate Farmers/Oct-12","Casual Losers/Oct-12","Forum /Oct-12","Casual Winners/Oct-12","Moderate Miscellanea/Oct-12","Casual/Nov-12","Hardcore/Nov-12","Moderate Farmers/Nov-12","Moderate Miscellanea/Nov-12","Forum /Nov-12","Casual/Dec-12","Moderate Farmers/Dec-12","Moderate Miscellanea/Dec-12","Hardcore/Dec-12","Forum/Dec-12"
"1","Moderate Farmers/Nov-11","984","0","0","0","0","0","88","62","117","194","31","222","68","43","34","88","70","18","78","80","38","15","49","46","5","10","8","34","26","28","44","9","38","46","24","7","41","50","14","45","61","14","40","25","40","14","63","57","29","28","27","26","11","34","35","19","20","19","14","38","24","35","14","20","21","27","27","28","37","32","8","14","6","33","35","10","5","24","9","19","32","22","9","4","10","12","1","10","1"
"2","Casual Winners/Nov-11","0","1557","0","0","0","0","232","179","172","109","31","163","50","65","74","70","114","19","71","67","45","42","47","77","8","18","9","56","35","32","46","5","45","65","34","7","45","45","14","51","52","13","69","36","57","13","47","42","28","33","39","26","13","60","52","36","27","21","11","40","26","39","22","26","24","33","16","33","43","32","18","20","9","30","29","11","13","30","24","38","36","30","25","5","5","15","4","11","2"
"3","Casual Losers/Nov-11","0","0","1056","0","0","0","157","145","131","75","27","70","39","44","63","55","69","15","36","36","46","33","36","50","3","6","2","36","31","34","28","6","24","38","28","5","28","22","9","32","32","10","43","24","43","9","20","28","22","19","38","10","12","29","24","23","17","22","10","18","22","27","15","18","10","19","10","22","18","19","9","13","7","26","18","13","5","20","14","23","24","19","11","1","15","7","4","8","2"
"4","Forum /Nov-11","0","0","0","132","0","0","9","5","12","29","71","6","3","14","3","27","11","39","11","12","6","1","15","8","23","15","12","3","9","3","22","15","10","10","8","11","12","9","23","15","17","9","8","7","11","20","8","18","8","10","3","7","16","8","4","7","5","4","11","18","5","16","2","3","8","7","6","4","8","8","5","1","8","7","7","2","8","7","2","4","8","9","2","7","3","2","1","6","3"
"5","Moderate/Nov-11","0","0","0","0","1030","0","92","93","249","248","52","112","60","88","64","132","90","31","61","74","48","36","101","53","16","13","12","55","60","36","57","11","44","45","37","11","67","29","12","68","72","16","56","42","54","21","36","54","36","46","40","22","24","38","34","42","17","25","7","58","27","49","30","24","26","32","17","32","35","44","17","26","8","47","37","8","6","25","29","28","43","26","18","10","18","6","10","8","2"
"6","Hardcore/Nov-11","0","0","0","0","0","1559","62","36","202","805","91","194","106","87","37","409","78","54","139","140","72","32","263","57","45","15","12","71","76","36","209","32","88","60","33","13","94","57","46","215","225","17","63","38","81","54","76","188","57","50","44","25","57","41","42","59","48","28","38","140","47","128","19","46","34","40","44","37","55","122","26","32","28","114","58","19","26","46","24","38","94","51","34","11","21","13","19","32","6"
"7","Casual Winners/Dec-11","88","232","157","9","92","62","1752","0","0","0","0","0","52","47","119","27","174","21","65","49","39","42","39","79","5","15","8","61","32","40","26","3","34","77","36","12","46","34","7","30","28","13","68","41","54","8","43","28","27","28","47","25","12","57","57","24","21","26","7","24","22","32","25","22","18","24","13","29","40","30","11","13","5","35","22","11","9","25","18","23","32","31","15","6","7","7","7","9","1"
"8","Casual Losers/Dec-11","62","179","145","5","93","36","0","1379","0","0","0","0","79","51","132","33","122","14","36","35","47","62","46","67","3","9","6","72","35","42","32","2","32","68","63","7","42","31","9","31","41","9","69","36","52","9","38","25","35","27","46","14","9","44","54","24","20","24","2","17","24","24","20","23","23","27","21","32","24","16","15","15","10","23","25","16","4","26","20","31","23","25","15","4","8","7","6","9","4"
"9","Moderate Farmers/Dec-11","117","172","131","12","249","202","0","0","1348","0","0","0","110","183","107","139","145","28","101","88","117","59","122","89","19","12","12","79","85","65","81","15","56","71","50","9","105","51","28","75","77","19","77","59","94","28","52","75","37","72","45","28","27","54","55","53","21","29","16","65","29","59","29","41","34","38","20","45","39","55","20","28","11","47","45","16","9","32","29","42","51","35","30","5","23","9","14","18","2"
"10","Hardcore/Dec-11","194","109","75","29","248","805","0","0","0","1843","0","0","140","141","46","643","99","47","186","248","79","37","357","82","37","17","14","99","104","53","283","30","120","76","47","16","114","88","45","303","308","20","69","45","107","51","126","254","76","59","64","53","47","59","49","82","59","34","28","201","61","171","32","53","49","66","53","52","79","157","26","46","23","143","83","14","25","59","42","48","141","65","36","12","31","31","22","37","6"
"11","Forum/Dec-11","31","31","27","71","52","91","0","0","0","0","392","0","22","36","24","102","27","121","30","46","34","15","57","34","56","36","29","29","34","13","57","35","24","25","17","30","41","29","46","50","57","39","24","20","35","51","16","49","23","29","19","10","62","19","28","20","21","13","44","43","17","40","19","21","14","22","24","14","28","23","14","7","24","22","15","8","23","19","8","15","20","22","7","20","6","5","6","19","7"
"12","Moderate/Dec-11","222","163","70","6","112","194","0","0","0","0","0","1345","93","58","71","80","129","13","136","91","59","37","58","74","5","8","8","52","32","34","45","7","75","67","31","4","38","61","5","50","62","12","69","48","44","14","79","53","33","33","33","34","15","42","38","22","38","28","12","37","28","37","28","23","26","35","22","33","43","37","16","17","8","40","30","9","10","31","14","35","31","26","21","6","22","17","8","4","2"
"13","Moderate Losers/Jan-12","68","50","39","3","60","106","52","79","110","140","22","93","649","0","0","0","0","0","0","59","81","29","53","43","4","8","5","32","28","27","45","4","38","32","35","6","33","26","12","42","57","8","36","28","31","11","43","47","28","17","45","21","12","25","23","17","17","14","9","37","24","29","15","8","15","17","16","15","28","34","5","14","8","26","22","10","8","16","10","15","23","20","12","1","8","6","8","7","2"
"14","Moderate Miscellanea/Jan-12","43","65","44","14","88","87","47","51","183","141","36","58","0","638","0","0","0","0","0","94","90","45","94","85","14","13","10","66","81","55","52","8","38","53","30","15","82","41","11","65","77","10","56","42","57","12","31","52","38","46","27","17","19","30","36","44","18","23","11","48","16","53","23","30","19","23","11","30","32","37","14","21","14","44","20","8","14","23","19","25","48","22","24","5","23","10","8","15","1"
"15","Casual Losers/Jan-12","34","74","63","3","64","37","119","132","107","46","24","71","0","0","801","0","0","0","0","28","60","58","31","75","3","5","4","44","40","49","21","0","25","60","46","6","36","13","3","27","30","14","49","37","45","5","25","17","18","23","33","9","11","37","28","19","9","28","10","15","12","14","22","16","16","15","13","23","17","10","12","12","7","16","20","10","2","19","16","30","17","16","10","2","12","7","3","8","2"
"16","Hardcore/Jan-12","88","70","55","27","132","409","27","33","139","643","102","80","0","0","0","1142","0","0","0","219","76","24","444","56","33","12","12","67","99","34","313","29","111","58","33","6","101","87","39","303","280","18","53","36","89","41","96","222","59","65","31","40","48","47","46","67","54","26","20","168","44","145","29","52","34","49","47","45","64","139","22","32","19","110","53","13","18","35","37","33","113","52","22","11","17","21","17","38","4"
"17","Casual Winners/Jan-12","70","114","69","11","90","78","174","122","145","99","27","129","0","0","0","0","1102","0","0","42","65","63","24","99","1","11","9","69","38","43","28","7","20","70","42","6","47","45","7","25","33","12","67","39","38","11","37","27","24","31","34","22","13","45","37","29","18","23","5","28","15","25","17","26","20","23","18","24","29","21","11","12","8","18","25","9","4","27","14","23","19","14","11","5","7","7","3","10","3"
"18","Forum /Jan-12","18","19","15","39","31","54","21","14","28","47","121","13","0","0","0","0","0","269","0","28","19","12","45","12","72","37","29","22","24","12","41","41","19","18","6","23","37","15","52","36","37","22","10","12","31","51","15","31","15","19","19","10","51","13","21","12","13","8","37","32","12","36","10","18","12","22","11","12","19","18","8","6","19","18","19","7","23","11","8","14","20","16","8","14","9","7","6","13","4"
"19","Moderate Farmers/Jan-12","78","71","36","11","61","139","65","36","101","186","30","136","0","0","0","0","0","0","683","103","35","24","49","65","4","5","4","60","26","22","50","2","59","47","28","4","30","44","7","52","51","6","42","21","49","7","53","43","26","23","23","25","13","34","31","25","17","12","7","44","18","28","9","14","22","27","14","22","28","25","6","14","1","25","30","6","3","27","7","18","18","27","11","9","9","10","6","5","2"
"20","Moderate Farmers/Feb-12","80","67","36","12","74","140","49","35","88","248","46","91","59","94","28","219","42","28","103","716","0","0","0","0","0","0","9","65","67","30","81","7","123","54","20","6","66","73","11","81","79","10","48","24","53","16","77","72","31","34","28","43","13","41","34","36","34","14","8","54","22","50","18","25","16","44","17","23","43","40","8","19","9","39","36","7","6","18","17","13","41","32","14","3","9","14","11","9","0"
"21","Moderate Losers/Feb-12","38","45","46","6","48","72","39","47","117","79","34","59","81","90","60","76","65","19","35","0","588","0","0","0","0","0","6","68","70","74","49","6","45","51","48","9","63","38","11","56","64","13","50","28","50","10","49","46","25","44","33","26","13","28","36","34","27","19","7","41","23","34","18","27","24","24","19","35","26","38","15","16","9","34","20","7","6","26","16","20","30","30","13","4","20","8","10","16","1"
"22","Casual Losers/Feb-12","15","42","33","1","36","32","42","62","59","37","15","37","29","45","58","24","63","12","24","0","0","476","0","0","0","0","7","47","29","45","12","1","15","38","27","5","31","17","4","18","15","4","27","31","39","8","14","18","22","20","30","4","6","18","28","17","7","17","3","17","9","15","23","7","14","5","9","15","12","14","8","15","1","11","18","5","6","19","10","16","17","15","11","2","14","6","2","4","2"
"23","Hardcore/Feb-12","49","47","36","15","101","263","39","46","122","357","57","58","53","94","31","444","24","45","49","0","0","0","872","0","0","0","8","52","133","28","375","19","73","48","36","3","108","61","28","309","265","11","37","33","79","27","73","183","58","55","31","28","40","40","37","63","34","26","19","144","35","121","25","31","37","30","34","35","48","105","13","28","18","102","46","13","15","29","30","33","93","39","27","13","17","24","18","39","3"
"24","Casual Winners/Feb-12","46","77","50","8","53","57","79","67","89","82","34","74","43","85","75","56","99","12","65","0","0","0","0","711","0","0","7","82","30","48","23","3","31","78","44","6","31","28","5","25","26","10","55","37","44","7","36","19","17","29","32","23","14","43","28","23","18","20","7","21","12","18","14","24","12","22","16","20","21","17","14","19","4","18","19","8","5","14","8","16","25","14","5","3","8","5","2","5","3"
"25","Forum /Feb-12","5","8","3","23","16","45","5","3","19","37","56","5","4","14","3","33","1","72","4","0","0","0","0","0","142","0","12","5","16","3","40","36","17","9","5","12","16","8","43","34","32","12","5","7","14","37","6","29","8","12","7","5","34","4","13","8","7","11","24","21","8","26","9","7","11","13","9","8","11","18","4","5","15","14","9","4","15","8","7","6","12","11","7","11","5","2","2","10","1"
"26","Casual Forum/Feb-12","10","18","6","15","13","15","15","9","12","17","36","8","8","13","5","12","11","37","5","0","0","0","0","0","0","116","24","11","10","9","7","21","2","10","6","18","6","6","20","11","11","15","9","7","8","22","5","9","4","5","4","6","22","9","10","5","5","1","18","8","3","16","2","8","6","7","3","7","6","5","4","2","10","6","8","1","10","6","0","8","8","3","1","4","2","3","0","2","3"
"27","Casual Forum/Mar-12","8","9","2","12","12","12","8","6","12","14","29","8","5","10","4","12","9","29","4","9","6","7","8","7","12","24","107","0","0","0","0","0","0","6","7","19","10","4","25","15","8","20","4","5","10","22","7","8","6","4","4","2","25","12","14","2","4","6","16","9","1","16","2","9","2","4","5","5","2","6","1","5","10","4","2","4","9","4","3","9","5","5","2","7","3","1","0","3","1"
"28","Casual Winners/Mar-12","34","56","36","3","55","71","61","72","79","99","29","52","32","66","44","67","69","22","60","65","68","47","52","82","5","11","0","661","0","0","0","0","0","93","57","6","57","28","10","33","49","8","63","48","55","9","37","36","24","36","43","19","10","45","47","30","16","19","6","40","14","26","17","28","28","25","15","32","29","28","13","15","5","28","23","10","6","18","13","24","27","19","9","6","9","12","6","9","2"
"29","Moderate Miscellanea/Mar-12","26","35","31","9","60","76","32","35","85","104","34","32","28","81","40","99","38","24","26","67","70","29","133","30","16","10","0","0","498","0","0","0","0","57","38","7","126","35","12","87","83","15","43","49","61","15","41","49","29","56","28","22","23","42","28","49","14","22","8","43","25","39","17","23","32","32","12","30","32","32","13","22","9","27","19","13","10","26","27","23","35","24","14","5","16","10","18","10","1"
"30","Casual Losers/Mar-12","28","32","34","3","36","36","40","42","65","53","13","34","27","55","49","34","43","12","22","30","74","45","28","48","3","9","0","0","0","471","0","0","0","58","47","6","46","22","6","28","29","9","54","29","44","11","21","23","21","26","40","6","10","28","26","19","13","26","6","20","19","18","20","13","15","16","10","22","12","19","10","7","10","15","15","12","6","12","7","15","12","9","13","3","13","5","2","5","1"
"31","Hardcore/Mar-12","44","46","28","22","57","209","26","32","81","283","57","45","45","52","21","313","28","41","50","81","49","12","375","23","40","7","0","0","0","0","723","0","0","28","21","7","81","66","36","346","255","8","32","22","64","28","85","178","56","47","33","30","39","28","31","55","37","14","12","152","33","128","16","23","31","39","37","33","50","110","10","23","15","98","51","7","15","26","22","28","91","33","28","9","14","24","19","40","3"
"32","Forum /Mar-12","9","5","6","15","11","32","3","2","15","30","35","7","4","8","0","29","7","41","2","7","6","1","19","3","36","21","0","0","0","0","0","109","0","4","3","7","14","7","41","29","18","13","3","3","13","34","3","17","6","9","4","4","32","8","9","7","0","4","23","17","6","22","1","9","6","15","7","6","6","8","4","3","19","9","7","2","14","4","3","7","9","10","1","7","5","5","1","4","2"
"33","Moderate Farmers/Mar-12","38","45","24","10","44","88","34","32","56","120","24","75","38","38","25","111","20","19","59","123","45","15","73","31","17","2","0","0","0","0","0","0","443","50","28","5","46","80","12","48","50","11","49","13","34","13","68","51","20","23","25","28","15","25","25","17","28","5","10","36","15","30","15","18","7","20","10","16","24","27","6","8","5","26","23","5","3","15","8","13","23","25","8","3","7","9","4","10","1"
"34","Casual Winners/Apr-12","46","65","38","10","45","60","77","68","71","76","25","67","32","53","60","58","70","18","47","54","51","38","48","78","9","10","6","93","57","58","28","4","50","714","0","0","0","0","0","0","37","12","102","46","57","8","46","29","27","49","42","14","11","72","49","24","16","23","7","30","16","30","19","29","18","32","12","38","32","22","11","14","7","16","29","12","8","24","17","21","21","29","11","5","10","10","3","3","3"
"35","Casual Losers/Apr-12","24","34","28","8","37","33","36","63","50","47","17","31","35","30","46","33","42","6","28","20","48","27","36","44","5","6","7","57","38","47","21","3","28","0","508","0","0","0","0","0","31","14","57","48","42","3","24","32","20","17","37","14","6","38","34","19","19","15","6","16","17","11","14","20","18","13","15","17","24","15","11","11","2","17","15","6","0","13","8","18","11","12","8","3","9","6","5","3","2"
"36","Casual Forum/Apr-12","7","7","5","11","11","13","12","7","9","16","30","4","6","15","6","6","6","23","4","6","9","5","3","6","12","18","19","6","7","6","7","7","5","0","0","93","0","0","0","0","7","21","4","10","3","22","4","12","5","4","6","7","23","9","11","9","6","4","22","7","1","9","1","8","8","7","2","1","8","1","3","2","12","0","2","1","13","4","3","4","5","2","3","4","1","1","1","3","2"
"37","Moderate Miscellanea/Apr-12","41","45","28","12","67","94","46","42","105","114","41","38","33","82","36","101","47","37","30","66","63","31","108","31","16","6","10","57","126","46","81","14","46","0","0","0","588","0","0","0","122","15","62","45","124","11","49","68","51","73","60","21","20","30","43","68","20","27","8","63","28","50","25","24","31","43","22","40","36","48","14","18","10","46","27","12","6","32","27","29","43","22","28","7","23","11","13","16","2"
"38","Moderate Farmers/Apr-12","50","45","22","9","29","57","34","31","51","88","29","61","26","41","13","87","45","15","44","73","38","17","61","28","8","6","4","28","35","22","66","7","80","0","0","0","0","444","0","0","51","13","47","29","40","4","66","43","20","28","18","33","13","38","25","19","26","8","8","28","22","19","17","17","14","20","14","17","29","16","13","9","5","17","26","5","2","14","9","22","18","23","11","2","11","8","5","3","0"
"39","Forum /Apr-12","14","14","9","23","12","46","7","9","28","45","46","5","12","11","3","39","7","52","7","11","11","4","28","5","43","20","25","10","12","6","36","41","12","0","0","0","0","0","168","0","35","16","5","4","19","68","9","31","16","11","7","5","56","10","14","8","8","6","35","33","10","38","6","12","13","10","11","6","18","16","4","8","20","8","10","10","22","13","3","12","16","18","7","9","9","6","4","10","5"
"40","Hardcore/Apr-12","45","51","32","15","68","215","30","31","75","303","50","50","42","65","27","303","25","36","52","81","56","18","309","25","34","11","15","33","87","28","346","29","48","0","0","0","0","0","0","780","312","8","37","27","92","34","97","200","50","58","30","38","41","45","39","70","46","31","12","161","29","138","25","32","36","43","42","37","49","128","16","26","15","110","55","7","13","35","30","32","110","37","18","16","21","24","22","42","1"
"41","Hardcore/May-12","61","52","32","17","72","225","28","41","77","308","57","62","57","77","30","280","33","37","51","79","64","15","265","26","32","11","8","49","83","29","255","18","50","37","31","7","122","51","35","312","827","0","0","0","0","0","0","316","79","75","32","45","39","35","44","90","55","22","20","204","58","168","20","41","52","58","51","39","63","152","18","32","26","134","56","9","18","38","39","39","134","44","33","13","25","23","27","53","2"
"42","Casual Forum/May-12","14","13","10","9","16","17","13","9","19","20","39","12","8","10","14","18","12","22","6","10","13","4","11","10","12","15","20","8","15","9","8","13","11","12","14","21","15","13","16","8","0","140","0","0","0","0","0","14","9","10","9","5","38","16","17","13","7","9","23","7","3","10","12","7","6","12","4","6","9","3","3","2","12","1","9","5","8","8","2","7","1","4","2","8","6","5","2","1","1"
"43","Casual Winners/May-12","40","69","43","8","56","63","68","69","77","69","24","69","36","56","49","53","67","10","42","48","50","27","37","55","5","9","4","63","43","54","32","3","49","102","57","4","62","47","5","37","0","0","740","0","0","0","0","16","27","42","62","21","7","92","64","33","27","23","3","11","25","19","31","31","19","37","11","38","27","18","16","12","2","17","27","12","4","18","21","21","9","22","15","2","17","13","5","4","1"
"44","Casual Losers/May-12","25","36","24","7","42","38","41","36","59","45","20","48","28","42","37","36","39","12","21","24","28","31","33","37","7","7","5","48","49","29","22","3","13","46","48","10","45","29","4","27","0","0","0","480","0","0","0","18","28","24","53","12","4","51","28","18","16","21","3","24","19","14","17","21","19","15","10","18","23","13","9","12","4","10","16","10","3","17","7","20","13","11","5","1","12","5","3","2","2"
"45","Moderate Miscellanea/May-12","40","57","43","11","54","81","54","52","94","107","35","44","31","57","45","89","38","31","49","53","50","39","79","44","14","8","10","55","61","44","64","13","34","57","42","3","124","40","19","92","0","0","0","0","613","0","0","56","68","96","58","24","18","66","56","78","21","40","12","54","25","54","33","40","27","44","15","46","40","40","26","18","11","30","30","15","9","27","33","46","30","29","17","8","14","8","10","12","3"
"46","Forum /May-12","14","13","9","20","21","54","8","9","28","51","51","14","11","12","5","41","11","51","7","16","10","8","27","7","37","22","22","9","15","11","28","34","13","8","3","22","11","4","68","34","0","0","0","0","0","193","0","55","10","15","3","8","83","5","14","8","9","8","45","50","8","49","8","13","12","10","13","9","25","21","8","9","23","13","13","5","27","10","8","10","25","14","7","12","6","7","6","10","10"
"47","Moderate Farmers/May-12","63","47","20","8","36","76","43","38","52","126","16","79","43","31","25","96","37","15","53","77","49","14","73","36","6","5","7","37","41","21","85","3","68","46","24","4","49","66","9","97","0","0","0","0","0","0","537","58","25","38","43","55","8","45","31","19","42","21","7","47","24","35","15","12","19","34","30","23","39","31","10","17","4","35","42","9","4","24","8","16","31","29","11","3","12","5","3","8","1"
"48","Hardcore/Jun-12","57","42","28","18","54","188","28","25","75","254","49","53","47","52","17","222","27","31","43","72","46","18","183","19","29","9","8","36","49","23","178","17","51","29","32","12","68","43","31","200","316","14","16","18","56","55","58","665","0","0","0","0","0","0","22","83","56","23","15","273","52","189","18","25","42","52","57","28","70","149","13","28","21","121","53","10","15","40","38","31","122","45","26","11","19","20","25","47","6"
"49","Moderate Losers/Jun-12","29","28","22","8","36","57","27","35","37","76","23","33","28","38","18","59","24","15","26","31","25","22","58","17","8","4","6","24","29","21","56","6","20","27","20","5","51","20","16","50","79","9","27","28","68","10","25","0","383","0","0","0","0","0","29","49","19","25","3","35","41","38","19","18","31","22","16","23","24","31","7","18","6","30","22","7","4","21","14","16","26","22","6","2","9","9","3","8","0"
"50","Moderate Miscellanea/Jun-12","28","33","19","10","46","50","28","27","72","59","29","33","17","46","23","65","31","19","23","34","44","20","55","29","12","5","4","36","56","26","47","9","23","49","17","4","73","28","11","58","75","10","42","24","96","15","38","0","0","394","0","0","0","0","56","72","22","30","7","28","30","40","27","24","35","42","13","42","35","28","13","14","5","25","23","12","6","26","26","28","25","23","21","7","17","8","9","3","2"
"51","Casual Losers/Jun-12","27","39","38","3","40","44","47","46","45","64","19","33","45","27","33","31","34","19","23","28","33","30","31","32","7","4","4","43","28","40","33","4","25","42","37","6","60","18","7","30","32","9","62","53","58","3","43","0","0","0","439","0","0","0","44","22","20","43","7","16","16","11","25","27","16","18","12","24","21","14","14","12","1","14","23","13","6","17","4","21","14","11","14","2","11","5","3","5","4"
"52","Moderate Farmers/Jun-12","26","26","10","7","22","25","25","14","28","53","10","34","21","17","9","40","22","10","25","43","26","4","28","23","5","6","2","19","22","6","30","4","28","14","14","7","21","33","5","38","45","5","21","12","24","8","55","0","0","0","0","274","0","0","20","12","29","11","9","25","16","17","12","14","10","15","14","14","21","16","6","10","3","17","22","1","3","10","3","7","17","14","1","2","7","5","2","4","1"
"53","Forum /Jun-12","11","13","12","16","24","57","12","9","27","47","62","15","12","19","11","48","13","51","13","13","13","6","40","14","34","22","25","10","23","10","39","32","15","11","6","23","20","13","56","41","39","38","7","4","18","83","8","0","0","0","0","0","221","0","15","22","8","10","71","55","8","61","9","16","14","17","17","13","24","32","6","5","35","19","18","5","32","13","11","14","19","19","8","18","9","9","8","13","6"
"54","Casual Winners/Jun-12","34","60","29","8","38","41","57","44","54","59","19","42","25","30","37","47","45","13","34","41","28","18","40","43","4","9","12","45","42","28","28","8","25","72","38","9","30","38","10","45","35","16","92","51","66","5","45","0","0","0","0","0","0","574","78","32","25","31","7","24","17","17","26","34","25","38","10","30","30","16","11","17","8","15","29","6","10","15","12","16","19","14","10","4","9","7","4","3","0"
"55","Casual Winners/Jul-12","35","52","24","4","34","42","57","54","55","49","28","38","23","36","28","46","37","21","31","34","36","28","37","28","13","10","14","47","28","26","31","9","25","49","34","11","43","25","14","39","44","17","64","28","56","14","31","22","29","56","44","20","15","78","518","0","0","0","0","0","0","17","35","48","20","33","11","38","23","17","12","14","7","12","29","11","4","20","11","19","16","20","16","5","16","6","3","3","1"
"56","Moderate Miscellanea/Jul-12","19","36","23","7","42","59","24","24","53","82","20","22","17","44","19","67","29","12","25","36","34","17","63","23","8","5","2","30","49","19","55","7","17","24","19","9","68","19","8","70","90","13","33","18","78","8","19","83","49","72","22","12","22","32","0","351","0","0","0","0","0","63","20","27","55","48","17","34","51","49","11","18","10","40","31","9","9","31","31","26","44","33","22","7","14","11","15","13","2"
"57","Moderate Farmers/Jul-12","20","27","17","5","17","48","21","20","21","59","21","38","17","18","9","54","18","13","17","34","27","7","34","18","7","5","4","16","14","13","37","0","28","16","19","6","20","26","8","46","55","7","27","16","21","9","42","56","19","22","20","29","8","25","0","0","272","0","0","0","0","15","14","14","8","38","16","9","24","16","8","10","1","9","29","4","2","13","7","5","15","17","3","0","7","3","2","7","0"
"58","Casual Losers/Jul-12","19","21","22","4","25","28","26","24","29","34","13","28","14","23","28","26","23","8","12","14","19","17","26","20","11","1","6","19","22","26","14","4","5","23","15","4","27","8","6","31","22","9","23","21","40","8","21","23","25","30","43","11","10","31","0","0","0","293","0","0","0","11","32","19","16","22","6","21","13","13","11","11","3","10","15","15","4","12","11","19","11","13","0","3","6","3","4","4","1"
"59","Forum /Jul-12","14","11","10","11","7","38","7","2","16","28","44","12","9","11","10","20","5","37","7","8","7","3","19","7","24","18","16","6","8","6","12","23","10","7","6","22","8","8","35","12","20","23","3","3","12","45","7","15","3","7","7","9","71","7","0","0","0","0","136","0","0","46","3","17","11","9","12","5","10","11","5","5","35","8","12","3","32","6","2","7","11","8","1","14","7","6","3","7","6"
"60","Hardcore/Jul-12","38","40","18","18","58","140","24","17","65","201","43","37","37","48","15","168","28","32","44","54","41","17","144","21","21","8","9","40","43","20","152","17","36","30","16","7","63","28","33","161","204","7","11","24","54","50","47","273","35","28","16","25","55","24","0","0","0","0","0","563","0","230","11","24","53","41","76","26","71","164","11","32","19","129","51","7","20","26","33","30","115","41","31","16","22","24","16","44","9"
"61","Moderate Losers/Jul-12","24","26","22","5","27","47","22","24","29","61","17","28","24","16","12","44","15","12","18","22","23","9","35","12","8","3","1","14","25","19","33","6","15","16","17","1","28","22","10","29","58","3","25","19","25","8","24","52","41","30","16","16","8","17","0","0","0","0","0","0","284","28","20","19","29","22","16","15","27","23","9","13","5","20","18","5","2","12","7","11","16","22","5","3","7","2","6","5","1"
"62","Hardcore/Aug-12","35","39","27","16","49","128","32","24","59","171","40","37","29","53","14","145","25","36","28","50","34","15","121","18","26","16","16","26","39","18","128","22","30","30","11","9","50","19","38","138","168","10","19","14","54","49","35","189","38","40","11","17","61","17","17","63","15","11","46","230","28","826","0","0","0","0","0","36","98","352","22","56","44","200","93","9","38","37","57","40","170","48","34","28","33","22","22","51","13"
"63","Casual Losers/Aug-12","14","22","15","2","30","19","25","20","29","32","19","28","15","23","22","29","17","10","9","18","18","23","25","14","9","2","2","17","17","20","16","1","15","19","14","1","25","17","6","25","20","12","31","17","33","8","15","18","19","27","25","12","9","26","35","20","14","32","3","11","20","0","506","0","0","0","0","52","42","29","30","20","5","22","27","16","3","28","24","23","26","16","17","3","14","3","7","6","3"
"64","Casual Winners/Aug-12","20","26","18","3","24","46","22","23","41","53","21","23","8","30","16","52","26","18","14","25","27","7","31","24","7","8","9","28","23","13","23","9","18","29","20","8","24","17","12","32","41","7","31","21","40","13","12","25","18","24","27","14","16","34","48","27","14","19","17","24","19","0","0","737","0","0","0","74","34","30","33","37","9","25","23","20","8","42","24","25","20","29","20","5","14","10","6","6","3"
"65","Moderate Losers/Aug-12","21","24","10","8","26","34","18","23","34","49","14","26","15","19","16","34","20","12","22","16","24","14","37","12","11","6","2","28","32","15","31","6","7","18","18","8","31","14","13","36","52","6","19","19","27","12","19","42","31","35","16","10","14","25","20","55","8","16","11","53","29","0","0","0","608","0","0","50","48","104","29","75","16","59","50","19","10","39","42","30","43","33","24","10","12","9","6","10","3"
"66","Moderate Winners/Aug-12","27","33","19","7","32","40","24","27","38","66","22","35","17","23","15","49","23","22","27","44","24","5","30","22","13","7","4","25","32","16","39","15","20","32","13","7","43","20","10","43","58","12","37","15","44","10","34","52","22","42","18","15","17","38","33","48","38","22","9","41","22","0","0","0","0","542","0","50","81","45","28","41","11","35","49","10","6","39","30","36","29","31","17","5","11","10","12","12","2"
"67","Moderate Farmers/Aug-12","27","16","10","6","17","44","13","21","20","53","24","22","16","11","13","47","18","11","14","17","19","9","34","16","9","3","5","15","12","10","37","7","10","12","15","2","22","14","11","42","51","4","11","10","15","13","30","57","16","13","12","14","17","10","11","17","16","6","12","76","16","0","0","0","0","0","314","13","63","44","7","18","6","29","36","6","8","17","11","14","24","28","7","3","7","10","2","11","1"
"68","Casual Winners/Sep-12","28","33","22","4","32","37","29","32","45","52","14","33","15","30","23","45","24","12","22","23","35","15","35","20","8","7","5","32","30","22","33","6","16","38","17","1","40","17","6","37","39","6","38","18","46","9","23","28","23","42","24","14","13","30","38","34","9","21","5","26","15","36","52","74","50","50","13","1089","0","0","0","0","0","57","58","48","11","115","61","59","35","52","41","6","17","16","10","8","2"
"69","Moderate Farmers/Sep-12","37","43","18","8","35","55","40","24","39","79","28","43","28","32","17","64","29","19","28","43","26","12","48","21","11","6","2","29","32","12","50","6","24","32","24","8","36","29","18","49","63","9","27","23","40","25","39","70","24","35","21","21","24","30","23","51","24","13","10","71","27","98","42","34","48","81","63","0","700","0","0","0","0","105","107","26","10","65","65","44","63","61","38","8","19","31","15","11","4"
"70","Hardcore/Sep-12","32","32","19","8","44","122","30","16","55","157","23","37","34","37","10","139","21","18","25","40","38","14","105","17","18","5","6","28","32","19","110","8","27","22","15","1","48","16","16","128","152","3","18","13","40","21","31","149","31","28","14","16","32","16","17","49","16","13","11","164","23","352","29","30","104","45","44","0","0","1102","0","0","0","434","112","18","26","56","115","61","265","89","65","19","28","32","31","65","6"
"71","Casual Losers/Sep-12","8","18","9","5","17","26","11","15","20","26","14","16","5","14","12","22","11","8","6","8","15","8","13","14","4","4","1","13","13","10","10","4","6","11","11","3","14","13","4","16","18","3","16","9","26","8","10","13","7","13","14","6","6","11","12","11","8","11","5","11","9","22","30","33","29","28","7","0","0","0","547","0","0","45","37","27","5","47","51","44","28","20","25","5","14","5","7","8","1"
"72","Moderate Losers/Sep-12","14","20","13","1","26","32","13","15","28","46","7","17","14","21","12","32","12","6","14","19","16","15","28","19","5","2","5","15","22","7","23","3","8","14","11","2","18","9","8","26","32","2","12","12","18","9","17","28","18","14","12","10","5","17","14","18","10","11","5","32","13","56","20","37","75","41","18","0","0","0","0","607","0","84","54","30","7","50","75","42","58","38","35","5","15","10","6","8","7"
"73","Forum /Sep-12","6","9","7","8","8","28","5","10","11","23","24","8","8","14","7","19","8","19","1","9","9","1","18","4","15","10","10","5","9","10","15","19","5","7","2","12","10","5","20","15","26","12","2","4","11","23","4","21","6","5","1","3","35","8","7","10","1","3","35","19","5","44","5","9","16","11","6","0","0","0","0","0","124","19","6","5","38","10","5","13","20","9","8","17","4","2","5","8","8"
"74","Hardcore/Oct-12","33","30","26","7","47","114","35","23","47","143","22","40","26","44","16","110","18","18","25","39","34","11","102","18","14","6","4","28","27","15","98","9","26","16","17","0","46","17","8","110","134","1","17","10","30","13","35","121","30","25","14","17","19","15","12","40","9","10","8","129","20","200","22","25","59","35","29","57","105","434","45","84","19","1256","0","0","0","0","0","89","510","133","131","30","43","42","44","84","10"
"75","Moderate Farmers/Oct-12","35","29","18","7","37","58","22","25","45","83","15","30","22","20","20","53","25","19","30","36","20","18","46","19","9","8","2","23","19","15","51","7","23","29","15","2","27","26","10","55","56","9","27","16","30","13","42","53","22","23","23","22","18","29","29","31","29","15","12","51","18","93","27","23","50","49","36","58","107","112","37","54","6","0","741","0","0","0","0","68","76","94","39","3","24","24","8","13","4"
"76","Casual Losers/Oct-12","10","11","13","2","8","19","11","16","16","14","8","9","10","8","10","13","9","7","6","7","7","5","13","8","4","1","4","10","13","12","7","2","5","12","6","1","12","5","10","7","9","5","12","10","15","5","9","10","7","12","13","1","5","6","11","9","4","15","3","7","5","9","16","20","19","10","6","48","26","18","27","30","5","0","0","496","0","0","0","70","26","32","44","3","13","10","4","9","1"
"77","Forum /Oct-12","5","13","5","8","6","26","9","4","9","25","23","10","8","14","2","18","4","23","3","6","6","6","15","5","15","10","9","6","10","6","15","14","3","8","0","13","6","2","22","13","18","8","4","3","9","27","4","15","4","6","6","3","32","10","4","9","2","4","32","20","2","38","3","8","10","6","8","11","10","26","5","7","38","0","0","0","128","0","0","9","25","6","13","25","4","4","5","8","7"
"78","Casual Winners/Oct-12","24","30","20","7","25","46","25","26","32","59","19","31","16","23","19","35","27","11","27","18","26","19","29","14","8","6","4","18","26","12","26","4","15","24","13","4","32","14","13","35","38","8","18","17","27","10","24","40","21","26","17","10","13","15","20","31","13","12","6","26","12","37","28","42","39","39","17","115","65","56","47","50","10","0","0","0","0","1226","0","135","67","61","65","6","30","16","11","11","3"
"79","Moderate Miscellanea/Oct-12","9","24","14","2","29","24","18","20","29","42","8","14","10","19","16","37","14","8","7","17","16","10","30","8","7","0","3","13","27","7","22","3","8","17","8","3","27","9","3","30","39","2","21","7","33","8","8","38","14","26","4","3","11","12","11","31","7","11","2","33","7","57","24","24","42","30","11","61","65","115","51","75","5","0","0","0","0","0","783","111","125","76","110","11","36","20","31","21","3"
"80","Casual/Nov-12","19","38","23","4","28","38","23","31","42","48","15","35","15","25","30","33","23","14","18","13","20","16","33","16","6","8","9","24","23","15","28","7","13","21","18","4","29","22","12","32","39","7","21","20","46","10","16","31","16","28","21","7","14","16","19","26","5","19","7","30","11","40","23","25","30","36","14","59","44","61","44","42","13","89","68","70","9","135","111","1430","0","0","0","0","57","25","14","12","0"
"81","Hardcore/Nov-12","32","36","24","8","43","94","32","23","51","141","20","31","23","48","17","113","19","20","18","41","30","17","93","25","12","8","5","27","35","12","91","9","23","21","11","5","43","18","16","110","134","1","9","13","30","25","31","122","26","25","14","17","19","19","16","44","15","11","11","115","16","170","26","20","43","29","24","35","63","265","28","58","20","510","76","26","25","67","125","0","1135","0","0","0","50","55","80","145","5"
"82","Moderate Farmers/Nov-12","22","30","19","9","26","51","31","25","35","65","22","26","20","22","16","52","14","16","27","32","30","15","39","14","11","3","5","19","24","9","33","10","25","29","12","2","22","23","18","37","44","4","22","11","29","14","29","45","22","23","11","14","19","14","20","33","17","13","8","41","22","48","16","29","33","31","28","52","61","89","20","38","9","133","94","32","6","61","76","0","0","715","0","0","27","33","12","10","5"
"83","Moderate Miscellanea/Nov-12","9","25","11","2","18","34","15","15","30","36","7","21","12","24","10","22","11","8","11","14","13","11","27","5","7","1","2","9","14","13","28","1","8","11","8","3","28","11","7","18","33","2","15","5","17","7","11","26","6","21","14","1","8","10","16","22","3","0","1","31","5","34","17","20","24","17","7","41","38","65","25","35","8","131","39","44","13","65","110","0","0","0","722","0","47","29","42","22","5"
"84","Forum /Nov-12","4","5","1","7","10","11","6","4","5","12","20","6","1","5","2","11","5","14","9","3","4","2","13","3","11","4","7","6","5","3","9","7","3","5","3","4","7","2","9","16","13","8","2","1","8","12","3","11","2","7","2","2","18","4","5","7","0","3","14","16","3","28","3","5","10","5","3","6","8","19","5","5","17","30","3","3","25","6","11","0","0","0","0","100","5","10","5","14","14"
"85","Casual/Dec-12","10","5","15","3","18","21","7","8","23","31","6","22","8","23","12","17","7","9","9","9","20","14","17","8","5","2","3","9","16","13","14","5","7","10","9","1","23","11","9","21","25","6","17","12","14","6","12","19","9","17","11","7","9","9","16","14","7","6","7","22","7","33","14","14","12","11","7","17","19","28","14","15","4","43","24","13","4","30","36","57","50","27","47","5","355","0","0","0","0"
"86","Moderate Farmers/Dec-12","12","15","7","2","6","13","7","7","9","31","5","17","6","10","7","21","7","7","10","14","8","6","24","5","2","3","1","12","10","5","24","5","9","10","6","1","11","8","6","24","23","5","13","5","8","7","5","20","9","8","5","5","9","7","6","11","3","3","6","24","2","22","3","10","9","10","10","16","31","32","5","10","2","42","24","10","4","16","20","25","55","33","29","10","0","212","0","0","0"
"87","Moderate Miscellanea/Dec-12","1","4","4","1","10","19","7","6","14","22","6","8","8","8","3","17","3","6","6","11","10","2","18","2","2","0","0","6","18","2","19","1","4","3","5","1","13","5","4","22","27","2","5","3","10","6","3","25","3","9","3","2","8","4","3","15","2","4","3","16","6","22","7","6","6","12","2","10","15","31","7","6","5","44","8","4","5","11","31","14","80","12","42","5","0","0","189","0","0"
"88","Hardcore/Dec-12","10","11","8","6","8","32","9","9","18","37","19","4","7","15","8","38","10","13","5","9","16","4","39","5","10","2","3","9","10","5","40","4","10","3","3","3","16","3","10","42","53","1","4","2","12","10","8","47","8","3","5","4","13","3","3","13","7","4","7","44","5","51","6","6","10","12","11","8","11","65","8","8","8","84","13","9","8","11","21","12","145","10","22","14","0","0","0","231","0"
"89","Forum/Dec-12","1","2","2","3","2","6","1","4","2","6","7","2","2","1","2","4","3","4","2","0","1","2","3","3","1","3","1","2","1","1","3","2","1","3","2","2","2","0","5","1","2","1","1","2","3","10","1","6","0","2","4","1","6","0","1","2","0","1","6","9","1","13","3","3","3","2","1","2","4","6","1","7","8","10","4","1","7","3","3","0","5","5","5","14","0","0","0","0","41"
